20181126135912,32.032763,118.708513,46001,3,20738,93994773,1650,107,-49,,,,,,,,,,,,,,,,,,,,,,,,,
20181126135917,32.032713,118.708487,46011,3,16527,67316274,1825,242,-57,,,,,,,,,,,,,,,,,,,,,,,,,
20181126135920,32.032680,118.708467,46001,2,53506,38672,10663,238,-76,,,,,,,,,,,,,,,,,,,,,,,,,
20181126135923,32.032650,118.708442,46000,0,20758,44382,74,52,-70,,,,,,,,,,,,,,,,,,,,,,,,,
20181126135926,32.032615,118.708427,46000,3,20758,9854875,40540,31,-52,,,,,,,,,,,,,,,,,,,,,,,,,
20181126135931,32.032520,118.708398,46001,3,20738,93994773,1650,107,-53,,,,,,,,,,,,,,,,,,,,,,,,,
20181126135932,32.032507,118.708392,46001,0,13351,37845,650,4,-91,,,,,,,,,,,,,,,,,,,,,,,,,
20181126135936,32.032453,118.708378,46011,3,16527,67316274,1825,242,-54,,,,,,,,,,,,,,,,,,,,,,,,,
20181126135944,32.032328,118.708367,46001,2,53506,38672,10663,238,-72,,,,,,,,,,,,,,,,,,,,,,,,,
20181126135945,32.032313,118.708365,46000,3,20758,9639323,40540,148,-51,,,,,,,,,,,,,,,,,,,,,,,,,
20181126135947,32.032292,118.708365,46000,0,20758,44382,74,52,-71,,,,,,,,,,,,,,,,,,,,,,,,,
20181126135950,32.032242,118.708360,46001,3,20738,93929247,1650,2,-53,,,,,,,,,,,,,,,,,,,,,,,,,
20181126135955,32.032168,118.708350,46011,3,16527,67316274,1825,242,-55,,,,,,,,,,,,,,,,,,,,,,,,,
20181126140004,32.032023,118.708333,46000,3,20758,9639323,40540,148,-50,,,,,,,,,,,,,,,,,,,,,,,,,
20181126140008,32.031980,118.708333,46001,2,53506,38672,10663,238,-80,,,,,,,,,,,,,,,,,,,,,,,,,
20181126140009,32.031962,118.708328,46001,3,20738,93929247,1650,2,-58,,,,,,,,,,,,,,,,,,,,,,,,,
20181126140012,32.031943,118.708325,46000,0,20758,44382,74,52,-68,,,,,,,,,,,,,,,,,,,,,,,,,
20181126140015,32.031913,118.708325,46011,3,16527,67316274,1825,242,-56,,,,,,,,,,,,,,,,,,,,,,,,,
20181126140021,32.031862,118.708318,46001,0,13351,37845,650,4,-84,,,,,,,,,,,,,,,,,,,,,,,,,
20181126140024,32.031805,118.708328,46000,3,20954,230982145,40540,95,-50,,,,,,,,,,,,,,,,,,,,,,,,,
20181126140028,32.031757,118.708325,46001,3,20738,93539349,1650,319,-51,,,,,,,,,,,,,,,,,,,,,,,,,
20181126140032,32.031715,118.708322,46001,2,53506,39152,10663,193,-73,,,,,,,,,,,,,,,,,,,,,,,,,
20181126140033,32.031692,118.708330,46011,3,16527,67316274,1825,242,-61,,,,,,,,,,,,,,,,,,,,,,,,,
20181126140035,32.031687,118.708332,46000,0,20758,34302,74,56,-69,,,,,,,,,,,,,,,,,,,,,,,,,
20181126140042,32.031600,118.708363,46000,3,20954,230982145,40540,95,-54,,,,,,,,,,,,,,,,,,,,,,,,,
20181126140044,32.031588,118.708365,46001,0,13351,37845,650,4,-88,,,,,,,,,,,,,,,,,,,,,,,,,
20181126140047,32.031557,118.708367,46001,3,20738,93539349,1650,319,-61,,,,,,,,,,,,,,,,,,,,,,,,,
20181126140052,32.031510,118.708360,46011,3,16439,66085942,1825,21,-66,,,,,,,,,,,,,,,,,,,,,,,,,
20181126140056,32.031448,118.708352,46001,2,53506,22693,10663,156,-72,,,,,,,,,,,,,,,,,,,,,,,,,
20181126140059,32.031382,118.708335,46000,0,20758,44383,70,20,-82,,,,,,,,,,,,,,,,,,,,,,,,,
20181126140101,32.031363,118.708327,46000,3,20954,230982145,40540,95,-54,,,,,,,,,,,,,,,,,,,,,,,,,
20181126140106,32.031322,118.708353,46001,3,20738,84102175,1650,17,-58,,,,,,,,,,,,,,,,,,,,,,,,,
20181126140108,32.031285,118.708350,46001,0,13351,37845,650,4,-90,,,,,,,,,,,,,,,,,,,,,,,,,
20181126140111,32.031247,118.708340,46011,3,16439,66085942,1825,21,-61,,,,,,,,,,,,,,,,,,,,,,,,,
20181126140120,32.031122,118.708248,46001,2,53506,22693,10663,156,-66,,,,,,,,,,,,,,,,,,,,,,,,,
20181126140120,32.031122,118.708248,46000,3,20954,230982145,40540,95,-52,,,,,,,,,,,,,,,,,,,,,,,,,
20181126140124,32.031068,118.708218,46000,0,20758,53651,69,15,-79,,,,,,,,,,,,,,,,,,,,,,,,,
20181126140125,32.031058,118.708197,46001,3,20738,84102175,1650,17,-50,,,,,,,,,,,,,,,,,,,,,,,,,
20181126140130,32.031005,118.708193,46011,3,16439,66085942,1825,21,-51,,,,,,,,,,,,,,,,,,,,,,,,,
20181126140133,32.030965,118.708180,46001,0,13351,37845,650,4,-93,,,,,,,,,,,,,,,,,,,,,,,,,
20181126140139,32.030875,118.708192,46000,3,20954,230982145,40540,95,-40,,,,,,,,,,,,,,,,,,,,,,,,,
20181126140144,32.030792,118.708168,46001,2,53506,22693,10663,156,-62,,,,,,,,,,,,,,,,,,,,,,,,,
20181126140145,32.030777,118.708162,46001,3,20738,84102175,1650,17,-56,,,,,,,,,,,,,,,,,,,,,,,,,
20181126140149,32.030717,118.708137,46011,3,16439,66085942,1825,21,-52,,,,,,,,,,,,,,,,,,,,,,,,,
20181126140156,32.030627,118.708100,46001,0,13351,37847,655,4,-75,,,,,,,,,,,,,,,,,,,,,,,,,
20181126140158,32.030605,118.708088,46000,3,20954,230982145,40540,95,-50,,,,,,,,,,,,,,,,,,,,,,,,,
20181126140203,32.030535,118.708060,46001,3,20738,84102175,1650,17,-53,,,,,,,,,,,,,,,,,,,,,,,,,
20181126140208,32.030443,118.708030,46001,2,53506,22693,10663,156,-65,,,,,,,,,,,,,,,,,,,,,,,,,
20181126140208,32.030443,118.708030,46011,3,16439,66085942,1825,21,-58,,,,,,,,,,,,,,,,,,,,,,,,,
20181126140211,32.030390,118.708005,46000,0,20758,50752,76,60,-83,,,,,,,,,,,,,,,,,,,,,,,,,
20181126140220,32.030258,118.707958,46001,0,13351,37847,655,4,-56,,,,,,,,,,,,,,,,,,,,,,,,,
20181126140222,32.030228,118.707952,46001,3,20738,84102175,1650,17,-46,,,,,,,,,,,,,,,,,,,,,,,,,
20181126140227,32.030153,118.707933,46011,3,16439,66085942,1825,21,-49,,,,,,,,,,,,,,,,,,,,,,,,,
20181126140232,32.030055,118.707892,46001,2,53506,22693,10663,156,-61,,,,,,,,,,,,,,,,,,,,,,,,,
20181126140236,32.030023,118.707877,46000,0,20758,53653,67,49,-70,,,,,,,,,,,,,,,,,,,,,,,,,
20181126140236,32.030023,118.707877,46000,3,20954,230982145,40540,95,-43,,,,,,,,,,,,,,,,,,,,,,,,,
20181126140241,32.029997,118.707805,46001,3,20738,84102175,1650,17,-52,,,,,,,,,,,,,,,,,,,,,,,,,
20181126140245,32.029968,118.707788,46001,0,13351,37847,655,4,-70,,,,,,,,,,,,,,,,,,,,,,,,,
20181126140246,32.029950,118.707772,46011,3,16439,66085942,1825,21,-63,,,,,,,,,,,,,,,,,,,,,,,,,
20181126140255,32.029942,118.707763,46000,3,20954,230982145,40540,95,-56,,,,,,,,,,,,,,,,,,,,,,,,,
20181126140256,32.029942,118.707763,46001,2,53506,22693,10663,156,-73,,,,,,,,,,,,,,,,,,,,,,,,,
20181126140259,0.000000,0.000000,46000,0,20758,53653,67,49,-80,,,,,,,,,,,,,,,,,,,,,,,,,
20181126140300,0.000000,0.000000,46000,3,20954,230982145,40540,95,-59,,,,,,,,,,,,,,,,,,,,,,,,,
20181126140308,0.000000,0.000000,46001,0,13351,37847,655,4,-83,,,,,,,,,,,,,,,,,,,,,,,,,
20181126140319,32.029403,118.707645,46001,3,20738,93605131,1650,348,-67,,,,,,,,,,,,,,,,,,,,,,,,,
20181126140320,32.029392,118.707640,46001,2,53506,561,10663,12,-83,,,,,,,,,,,,,,,,,,,,,,,,,
20181126140323,32.029355,118.707635,46000,0,20758,53651,69,15,-79,,,,,,,,,,,,,,,,,,,,,,,,,
20181126140324,32.029338,118.707633,46011,3,16439,66396946,2452,73,-66,,,,,,,,,,,,,,,,,,,,,,,,,
20181126140332,32.029365,118.707598,46001,0,13351,37847,655,4,-87,,,,,,,,,,,,,,,,,,,,,,,,,
20181126140333,32.029362,118.707593,46000,3,20758,230636804,40540,499,-65,,,,,,,,,,,,,,,,,,,,,,,,,
20181126140338,32.029350,118.707568,46001,3,20738,93605131,1650,348,-63,,,,,,,,,,,,,,,,,,,,,,,,,
20181126140343,32.029283,118.707537,46011,3,16439,66396946,2452,73,-66,,,,,,,,,,,,,,,,,,,,,,,,,
20181126140344,32.029283,118.707537,46001,2,53506,561,10663,12,-79,,,,,,,,,,,,,,,,,,,,,,,,,
20181126140348,32.029210,118.707505,46000,0,20758,50752,76,60,-76,,,,,,,,,,,,,,,,,,,,,,,,,
20181126140352,32.029110,118.707458,46000,3,20758,230636812,40738,499,-64,,,,,,,,,,,,,,,,,,,,,,,,,
20181126140357,32.029028,118.707413,46001,0,13351,37847,655,4,-90,,,,,,,,,,,,,,,,,,,,,,,,,
20181126140357,32.029028,118.707413,46001,3,20738,93539349,1650,319,-63,,,,,,,,,,,,,,,,,,,,,,,,,
20181126140402,32.028930,118.707343,46011,3,16439,66396946,2452,73,-65,,,,,,,,,,,,,,,,,,,,,,,,,
20181126140408,32.028838,118.707268,46001,2,53506,19502,10663,162,-83,,,,,,,,,,,,,,,,,,,,,,,,,
20181126140411,32.028810,118.707223,46000,0,20758,41061,62,11,-79,,,,,,,,,,,,,,,,,,,,,,,,,
20181126140411,32.028810,118.707223,46000,3,20758,230636812,40738,499,-66,,,,,,,,,,,,,,,,,,,,,,,,,
20181126140416,32.028803,118.707157,46001,3,20738,84076821,1650,19,-67,,,,,,,,,,,,,,,,,,,,,,,,,
20181126140420,32.028780,118.707143,46001,0,13351,37847,655,4,-87,,,,,,,,,,,,,,,,,,,,,,,,,
20181126140421,32.028777,118.707152,46011,3,16439,66396946,2452,73,-64,,,,,,,,,,,,,,,,,,,,,,,,,
20181126140430,32.028673,118.707163,46000,3,20758,230636804,40540,499,-67,,,,,,,,,,,,,,,,,,,,,,,,,
20181126140432,32.028678,118.707167,46001,2,53506,39152,10663,193,-84,,,,,,,,,,,,,,,,,,,,,,,,,
20181126140435,32.028627,118.707165,46000,0,20758,34302,74,56,-80,,,,,,,,,,,,,,,,,,,,,,,,,
20181126140436,32.028627,118.707165,46001,3,20738,93539349,1650,319,-62,,,,,,,,,,,,,,,,,,,,,,,,,
20181126140440,32.028562,118.707145,46011,3,16439,66396946,2452,73,-66,,,,,,,,,,,,,,,,,,,,,,,,,
20181126140444,32.028483,118.707118,46001,0,13351,37847,655,4,-99,,,,,,,,,,,,,,,,,,,,,,,,,
20181126140449,32.028425,118.707073,46000,3,20758,230636804,40540,499,-70,,,,,,,,,,,,,,,,,,,,,,,,,
20181126140454,32.028345,118.707010,46001,3,20738,93539349,1650,319,-72,,,,,,,,,,,,,,,,,,,,,,,,,
20181126140456,32.028333,118.707000,46001,2,53506,19502,10663,162,-84,,,,,,,,,,,,,,,,,,,,,,,,,
20181126140500,32.028268,118.706958,46000,0,20758,53651,69,15,-78,,,,,,,,,,,,,,,,,,,,,,,,,
20181126140508,32.028142,118.706913,46000,3,20758,230636812,40738,499,-68,,,,,,,,,,,,,,,,,,,,,,,,,
20181126140513,32.027975,118.706865,46001,3,20738,93605131,1650,348,-68,,,,,,,,,,,,,,,,,,,,,,,,,
20181126140518,32.027913,118.706848,46011,3,16439,66396946,2452,73,-62,,,,,,,,,,,,,,,,,,,,,,,,,
20181126140520,32.027883,118.706842,46001,2,53506,561,10663,12,-86,,,,,,,,,,,,,,,,,,,,,,,,,
20181126140523,32.027835,118.706842,46000,0,20758,53651,69,15,-73,,,,,,,,,,,,,,,,,,,,,,,,,
20181126140527,32.027720,118.706812,46000,3,20758,230636812,40738,499,-65,,,,,,,,,,,,,,,,,,,,,,,,,
20181126140532,32.027707,118.706822,46001,3,20738,93539349,1650,319,-68,,,,,,,,,,,,,,,,,,,,,,,,,
20181126140537,32.027698,118.706758,46011,3,16439,66110260,1825,74,-56,,,,,,,,,,,,,,,,,,,,,,,,,
20181126140544,32.027650,118.706670,46001,2,53506,19502,10663,162,-85,,,,,,,,,,,,,,,,,,,,,,,,,
20181126140546,32.027648,118.706667,46000,3,20758,230636812,40738,499,-61,,,,,,,,,,,,,,,,,,,,,,,,,
20181126140547,32.027638,118.706665,46000,0,20758,35761,79,54,-70,,,,,,,,,,,,,,,,,,,,,,,,,
20181126140551,32.027602,118.706655,46001,3,20738,93539349,1650,319,-74,,,,,,,,,,,,,,,,,,,,,,,,,
20181126140556,32.027522,118.706617,46001,0,13351,24552,642,20,-84,,,,,,,,,,,,,,,,,,,,,,,,,
20181126140557,32.027497,118.706617,46011,3,16439,66110260,1825,74,-46,,,,,,,,,,,,,,,,,,,,,,,,,
20181126140606,32.027353,118.706560,46000,3,20758,230636804,40540,499,-66,,,,,,,,,,,,,,,,,,,,,,,,,
20181126140608,32.027328,118.706547,46001,2,53506,19502,10663,162,-80,,,,,,,,,,,,,,,,,,,,,,,,,
20181126140610,32.027302,118.706533,46001,3,20738,84076821,1650,19,-62,,,,,,,,,,,,,,,,,,,,,,,,,
20181126140612,32.027278,118.706517,46000,0,20758,41063,78,57,-72,,,,,,,,,,,,,,,,,,,,,,,,,
20181126140615,32.027210,118.706472,46011,3,16439,66110260,1825,74,-47,,,,,,,,,,,,,,,,,,,,,,,,,
20181126140624,32.027063,118.706352,46000,3,20758,84898564,40540,299,-59,,,,,,,,,,,,,,,,,,,,,,,,,
20181126140629,32.026962,118.706272,46001,3,20738,93605131,1650,348,-63,,,,,,,,,,,,,,,,,,,,,,,,,
20181126140632,32.026897,118.706232,46001,2,53506,19502,10663,162,-76,,,,,,,,,,,,,,,,,,,,,,,,,
20181126140634,32.026883,118.706213,46011,3,16439,66110260,1825,74,-48,,,,,,,,,,,,,,,,,,,,,,,,,
20181126140635,32.026877,118.706190,46000,0,20758,35761,79,54,-66,,,,,,,,,,,,,,,,,,,,,,,,,
20181126140643,32.026755,118.706033,46000,3,20758,84898565,40540,297,-50,,,,,,,,,,,,,,,,,,,,,,,,,
20181126140644,32.026740,118.706020,46001,0,13351,24552,642,20,-75,,,,,,,,,,,,,,,,,,,,,,,,,
20181126140648,32.026703,118.705993,46001,3,20738,93605131,1650,348,-63,,,,,,,,,,,,,,,,,,,,,,,,,
20181126140653,32.026658,118.705900,46011,3,16439,66110260,1825,74,-52,,,,,,,,,,,,,,,,,,,,,,,,,
20181126140656,32.026640,118.705882,46001,2,53506,19502,10663,162,-81,,,,,,,,,,,,,,,,,,,,,,,,,
20181126140659,32.026640,118.705882,46000,0,20758,35761,79,54,-69,,,,,,,,,,,,,,,,,,,,,,,,,
20181126140702,32.026640,118.705882,46000,3,20758,84898564,40540,299,-60,,,,,,,,,,,,,,,,,,,,,,,,,
20181126140708,32.026550,118.705492,46001,3,20738,84076821,1650,19,-66,,,,,,,,,,,,,,,,,,,,,,,,,
20181126140708,32.026547,118.705483,46001,0,13351,24552,642,20,-87,,,,,,,,,,,,,,,,,,,,,,,,,
20181126140712,32.026495,118.705483,46011,3,16439,66110260,1825,74,-53,,,,,,,,,,,,,,,,,,,,,,,,,
20181126140720,32.026420,118.705463,46001,2,53506,19502,10663,162,-81,,,,,,,,,,,,,,,,,,,,,,,,,
20181126140721,32.026420,118.705457,46000,3,20758,84898564,40540,299,-46,,,,,,,,,,,,,,,,,,,,,,,,,
20181126140724,32.026412,118.705423,46000,0,20758,35761,79,54,-63,,,,,,,,,,,,,,,,,,,,,,,,,
20181126140727,32.026442,118.705403,46001,3,20738,93605151,1650,350,-65,,,,,,,,,,,,,,,,,,,,,,,,,
20181126140731,32.026383,118.705367,46011,3,16439,66396945,2452,74,-46,,,,,,,,,,,,,,,,,,,,,,,,,
20181126140733,32.026375,118.705342,46001,0,13351,24552,642,20,-90,,,,,,,,,,,,,,,,,,,,,,,,,
20181126140740,32.026357,118.705278,46000,3,20758,84898564,40540,299,-40,,,,,,,,,,,,,,,,,,,,,,,,,
20181126140744,32.026358,118.705250,46001,2,53506,19502,10663,162,-75,,,,,,,,,,,,,,,,,,,,,,,,,
20181126140745,32.026360,118.705242,46001,3,20738,93605151,1650,350,-63,,,,,,,,,,,,,,,,,,,,,,,,,
20181126140747,32.026352,118.705228,46000,0,20758,35761,79,54,-59,,,,,,,,,,,,,,,,,,,,,,,,,
20181126140750,32.026337,118.705187,46011,3,16439,66110262,1825,72,-46,,,,,,,,,,,,,,,,,,,,,,,,,
20181126140759,32.026295,118.705062,46000,3,20758,84898564,40540,299,-42,,,,,,,,,,,,,,,,,,,,,,,,,
20181126140804,32.026297,118.705017,46001,3,20738,84076811,1650,18,-61,,,,,,,,,,,,,,,,,,,,,,,,,
20181126140808,32.026272,118.704972,46001,2,53506,19501,10663,161,-71,,,,,,,,,,,,,,,,,,,,,,,,,
20181126140809,32.026268,118.704953,46011,3,16439,66110262,1825,72,-62,,,,,,,,,,,,,,,,,,,,,,,,,
20181126140811,32.025945,118.704715,46000,0,20758,35761,79,54,-66,,,,,,,,,,,,,,,,,,,,,,,,,
20181126140818,32.025895,118.704652,46000,3,20758,84898564,40540,299,-44,,,,,,,,,,,,,,,,,,,,,,,,,
20181126140820,32.025887,118.704622,46001,0,13351,24551,659,26,-79,,,,,,,,,,,,,,,,,,,,,,,,,
20181126140823,32.025887,118.704592,46001,3,20738,84076831,1650,20,-63,,,,,,,,,,,,,,,,,,,,,,,,,
20181126140829,32.025870,118.704538,46011,3,16439,66396945,2452,74,-61,,,,,,,,,,,,,,,,,,,,,,,,,
20181126140832,32.025905,118.704507,46001,2,53506,19503,10663,163,-78,,,,,,,,,,,,,,,,,,,,,,,,,
20181126140836,32.025880,118.704477,46000,0,20758,50752,76,60,-69,,,,,,,,,,,,,,,,,,,,,,,,,
20181126140838,32.025880,118.704472,46000,3,20758,84898566,40540,298,-41,,,,,,,,,,,,,,,,,,,,,,,,,
20181126140845,32.025813,118.704448,46001,0,13351,24551,659,26,-84,,,,,,,,,,,,,,,,,,,,,,,,,
20181126140848,32.025757,118.704412,46011,3,16439,66396945,2452,74,-61,,,,,,,,,,,,,,,,,,,,,,,,,
20181126140856,32.025670,118.704338,46001,2,53506,19503,10663,163,-71,,,,,,,,,,,,,,,,,,,,,,,,,
20181126140859,32.025623,118.704327,46000,0,20758,35763,65,47,-65,,,,,,,,,,,,,,,,,,,,,,,,,
20181126140901,32.025588,118.704312,46001,3,20738,84076831,1650,20,-62,,,,,,,,,,,,,,,,,,,,,,,,,
20181126140906,32.025540,118.704273,46011,3,16439,66396945,2452,74,-63,,,,,,,,,,,,,,,,,,,,,,,,,
20181126140908,32.025520,118.704265,46001,0,13351,24551,659,26,-90,,,,,,,,,,,,,,,,,,,,,,,,,
20181126140915,32.025400,118.704228,46000,3,20758,84898566,40540,298,-45,,,,,,,,,,,,,,,,,,,,,,,,,
20181126140920,32.025353,118.704197,46001,2,53506,19503,10663,163,-72,,,,,,,,,,,,,,,,,,,,,,,,,
20181126140920,32.025353,118.704197,46001,3,20738,93605151,1650,350,-64,,,,,,,,,,,,,,,,,,,,,,,,,
20181126140923,32.025330,118.704180,46000,0,20758,35763,65,47,-64,,,,,,,,,,,,,,,,,,,,,,,,,
20181126140925,32.025320,118.704178,46011,3,16439,66396945,2452,74,-63,,,,,,,,,,,,,,,,,,,,,,,,,
20181126140934,32.025217,118.704100,46000,3,20758,84898566,40540,298,-52,,,,,,,,,,,,,,,,,,,,,,,,,
20181126140939,32.025198,118.704055,46001,3,20738,84076831,1650,20,-64,,,,,,,,,,,,,,,,,,,,,,,,,
20181126140944,32.025157,118.704020,46001,2,53506,19503,10663,163,-77,,,,,,,,,,,,,,,,,,,,,,,,,
20181126140948,32.025103,118.703993,46000,0,20758,35763,65,47,-66,,,,,,,,,,,,,,,,,,,,,,,,,
20181126140953,32.025017,118.703985,46000,3,20758,84898566,40540,298,-60,,,,,,,,,,,,,,,,,,,,,,,,,
20181126140957,32.024990,118.703962,46001,0,13351,24551,659,26,-97,,,,,,,,,,,,,,,,,,,,,,,,,
20181126140959,32.024978,118.703955,46001,3,20738,84076831,1650,20,-67,,,,,,,,,,,,,,,,,,,,,,,,,
20181126141003,32.024935,118.703945,46011,3,16439,66396945,2452,74,-58,,,,,,,,,,,,,,,,,,,,,,,,,
20181126141008,32.024887,118.703943,46001,2,53506,19503,10663,163,-86,,,,,,,,,,,,,,,,,,,,,,,,,
20181126141011,32.024865,118.703928,46000,0,20758,35763,65,47,-67,,,,,,,,,,,,,,,,,,,,,,,,,
20181126141012,32.024865,118.703928,46000,3,20758,84898565,40540,297,-69,,,,,,,,,,,,,,,,,,,,,,,,,
20181126141018,32.024803,118.703902,46001,3,20738,84076831,1650,20,-68,,,,,,,,,,,,,,,,,,,,,,,,,
20181126141020,32.024752,118.703878,46001,0,13351,24551,659,26,-96,,,,,,,,,,,,,,,,,,,,,,,,,
20181126141022,32.024718,118.703863,46011,3,16439,66396945,2452,74,-65,,,,,,,,,,,,,,,,,,,,,,,,,
20181126141031,32.024525,118.703743,46000,3,20758,84898566,40540,298,-69,,,,,,,,,,,,,,,,,,,,,,,,,
20181126141032,32.024502,118.703713,46001,2,53506,19503,10663,163,-80,,,,,,,,,,,,,,,,,,,,,,,,,
20181126141035,32.024488,118.703707,46000,0,20758,35763,65,47,-69,,,,,,,,,,,,,,,,,,,,,,,,,
20181126141036,32.024488,118.703707,46001,3,20738,84076831,1650,20,-67,,,,,,,,,,,,,,,,,,,,,,,,,
20181126141041,32.024447,118.703630,46011,3,16439,66396945,2452,74,-65,,,,,,,,,,,,,,,,,,,,,,,,,
20181126141044,32.024440,118.703627,46001,0,13351,29635,661,1,-98,,,,,,,,,,,,,,,,,,,,,,,,,
20181126141050,32.024412,118.703625,46000,3,20758,84898566,40540,298,-71,,,,,,,,,,,,,,,,,,,,,,,,,
20181126141055,32.024403,118.703640,46001,3,20738,84076831,1650,20,-68,,,,,,,,,,,,,,,,,,,,,,,,,
20181126141056,32.024395,118.703652,46001,2,53506,8921,10663,265,-82,,,,,,,,,,,,,,,,,,,,,,,,,
20181126141100,32.024390,118.703635,46000,0,20758,53651,69,15,-75,,,,,,,,,,,,,,,,,,,,,,,,,
20181126141101,32.024390,118.703635,46011,3,16439,66396945,2452,74,-66,,,,,,,,,,,,,,,,,,,,,,,,,
20181126141109,32.024332,118.703612,46001,0,13351,29635,661,1,-98,,,,,,,,,,,,,,,,,,,,,,,,,
20181126141114,32.024157,118.703630,46001,3,20738,93341205,1650,127,-70,,,,,,,,,,,,,,,,,,,,,,,,,
20181126141120,32.024070,118.703673,46011,3,16439,67203607,2452,135,-66,,,,,,,,,,,,,,,,,,,,,,,,,
20181126141123,32.024023,118.703673,46000,0,20758,53651,69,15,-72,,,,,,,,,,,,,,,,,,,,,,,,,
20181126141129,32.023933,118.703622,46000,3,20758,84338949,40738,295,-75,,,,,,,,,,,,,,,,,,,,,,,,,
20181126141133,32.023833,118.703602,46001,3,20738,93605151,1650,350,-72,,,,,,,,,,,,,,,,,,,,,,,,,
20181126141139,32.023718,118.703590,46011,3,16439,66396945,2452,74,-66,,,,,,,,,,,,,,,,,,,,,,,,,
20181126141144,32.023597,118.703622,46001,2,53506,8921,10663,265,-86,,,,,,,,,,,,,,,,,,,,,,,,,
20181126141147,32.023550,118.703607,46000,0,20758,53651,69,15,-65,,,,,,,,,,,,,,,,,,,,,,,,,
20181126141148,32.023550,118.703607,46000,3,20758,230639626,40540,75,-70,,,,,,,,,,,,,,,,,,,,,,,,,
20181126141152,32.023473,118.703603,46001,3,20738,84095263,1650,113,-69,,,,,,,,,,,,,,,,,,,,,,,,,
20181126141156,32.023412,118.703602,46001,0,13351,37836,652,27,-93,,,,,,,,,,,,,,,,,,,,,,,,,
20181126141157,32.023410,118.703602,46011,3,16439,66396945,2452,74,-66,,,,,,,,,,,,,,,,,,,,,,,,,
20181126141206,32.023332,118.703572,46000,3,20758,230639626,40540,75,-72,,,,,,,,,,,,,,,,,,,,,,,,,
20181126141208,32.023295,118.703550,46001,2,53506,8921,10663,265,-79,,,,,,,,,,,,,,,,,,,,,,,,,
20181126141211,32.023255,118.703560,46001,3,20738,84076831,1650,20,-63,,,,,,,,,,,,,,,,,,,,,,,,,
20181126141216,32.023220,118.703492,46011,3,16439,66396945,2452,74,-65,,,,,,,,,,,,,,,,,,,,,,,,,
20181126141221,32.023178,118.703455,46001,0,13351,24553,651,33,-87,,,,,,,,,,,,,,,,,,,,,,,,,
20181126141225,32.023098,118.703410,46000,3,20758,230639626,40540,75,-71,,,,,,,,,,,,,,,,,,,,,,,,,
20181126141231,32.023057,118.703330,46001,3,20738,84076831,1650,20,-67,,,,,,,,,,,,,,,,,,,,,,,,,
20181126141232,32.023045,118.703307,46001,2,53506,8921,10663,265,-78,,,,,,,,,,,,,,,,,,,,,,,,,
20181126141235,32.022982,118.703223,46011,3,16439,67203607,2452,135,-66,,,,,,,,,,,,,,,,,,,,,,,,,
20181126141236,32.022972,118.703205,46000,0,20758,35763,65,47,-70,,,,,,,,,,,,,,,,,,,,,,,,,
20181126141244,32.022887,118.703085,46000,3,20758,230639626,40540,75,-71,,,,,,,,,,,,,,,,,,,,,,,,,
20181126141245,32.022873,118.703073,46001,0,13351,29635,661,1,-91,,,,,,,,,,,,,,,,,,,,,,,,,
20181126141250,32.022833,118.702970,46001,3,20738,94014475,1650,366,-75,,,,,,,,,,,,,,,,,,,,,,,,,
20181126141254,32.022803,118.702897,46011,3,16439,67203607,2452,135,-66,,,,,,,,,,,,,,,,,,,,,,,,,
20181126141256,32.022792,118.702875,46001,2,53506,8921,10663,265,-75,,,,,,,,,,,,,,,,,,,,,,,,,
20181126141259,32.022815,118.702818,46000,0,20758,35763,65,47,-82,,,,,,,,,,,,,,,,,,,,,,,,,
20181126141303,32.022790,118.702738,46000,3,20758,84338948,40540,296,-67,,,,,,,,,,,,,,,,,,,,,,,,,
20181126141308,32.022758,118.702627,46001,0,13351,24553,651,33,-84,,,,,,,,,,,,,,,,,,,,,,,,,
20181126141309,32.022758,118.702627,46001,3,20738,84076831,1650,20,-66,,,,,,,,,,,,,,,,,,,,,,,,,
20181126141313,32.022720,118.702523,46011,3,16439,67203607,2452,135,-66,,,,,,,,,,,,,,,,,,,,,,,,,
20181126141320,32.022655,118.702355,46001,2,53506,8921,10663,265,-68,,,,,,,,,,,,,,,,,,,,,,,,,
20181126141322,32.022642,118.702342,46000,3,20758,84338948,40540,296,-70,,,,,,,,,,,,,,,,,,,,,,,,,
20181126141324,32.022625,118.702338,46000,0,20758,35851,61,49,-75,,,,,,,,,,,,,,,,,,,,,,,,,
20181126141327,32.022560,118.702268,46001,3,20738,84004107,1650,90,-65,,,,,,,,,,,,,,,,,,,,,,,,,
20181126141332,32.022468,118.702207,46011,3,16439,67203607,2452,135,-66,,,,,,,,,,,,,,,,,,,,,,,,,
20181126141333,32.022452,118.702197,46001,0,13351,29635,661,1,-81,,,,,,,,,,,,,,,,,,,,,,,,,
20181126141341,32.022368,118.702138,46000,3,20758,84338948,40540,296,-73,,,,,,,,,,,,,,,,,,,,,,,,,
20181126141344,32.022368,118.702138,46001,2,53506,8921,10663,265,-73,,,,,,,,,,,,,,,,,,,,,,,,,
20181126141346,32.022368,118.702138,46001,3,20738,84004107,1650,90,-67,,,,,,,,,,,,,,,,,,,,,,,,,
20181126141348,0.000000,0.000000,46000,0,20758,35851,61,49,-79,,,,,,,,,,,,,,,,,,,,,,,,,
20181126141352,0.000000,0.000000,46011,3,16439,67203607,2452,135,-66,,,,,,,,,,,,,,,,,,,,,,,,,
20181126141357,0.000000,0.000000,46001,0,13351,29635,661,1,-88,,,,,,,,,,,,,,,,,,,,,,,,,
20181126141401,0.000000,0.000000,46000,3,20758,84338948,40540,296,-72,,,,,,,,,,,,,,,,,,,,,,,,,
20181126141405,32.021893,118.701728,46001,3,20738,84004107,1650,90,-63,,,,,,,,,,,,,,,,,,,,,,,,,
20181126141408,32.021900,118.701738,46001,2,53506,8921,10663,265,-67,,,,,,,,,,,,,,,,,,,,,,,,,
20181126141411,32.021910,118.701740,46000,0,20758,35769,631,38,-80,,,,,,,,,,,,,,,,,,,,,,,,,
20181126141420,32.021862,118.701700,46000,3,20758,84338948,40540,296,-70,,,,,,,,,,,,,,,,,,,,,,,,,
20181126141420,32.021852,118.701687,46001,0,13351,37836,652,27,-88,,,,,,,,,,,,,,,,,,,,,,,,,
20181126141424,32.021810,118.701652,46001,3,20738,84004107,1650,90,-50,,,,,,,,,,,,,,,,,,,,,,,,,
20181126141430,32.021768,118.701578,46011,3,16439,67203609,2452,137,-65,,,,,,,,,,,,,,,,,,,,,,,,,
20181126141432,32.021747,118.701545,46001,2,53506,8921,10663,265,-68,,,,,,,,,,,,,,,,,,,,,,,,,
20181126141436,32.021713,118.701538,46000,0,20758,35851,61,49,-71,,,,,,,,,,,,,,,,,,,,,,,,,
20181126141439,32.021700,118.701523,46000,3,20758,84338948,40540,296,-67,,,,,,,,,,,,,,,,,,,,,,,,,
20181126141443,32.021688,118.701500,46001,3,20738,84004107,1650,90,-56,,,,,,,,,,,,,,,,,,,,,,,,,
20181126141445,32.021677,118.701482,46001,0,13351,37836,652,27,-83,,,,,,,,,,,,,,,,,,,,,,,,,
20181126141448,32.021688,118.701478,46011,3,16439,67203609,2452,137,-65,,,,,,,,,,,,,,,,,,,,,,,,,
20181126141456,32.021757,118.701500,46001,2,53506,8921,10663,265,-69,,,,,,,,,,,,,,,,,,,,,,,,,
20181126141457,32.021768,118.701507,46000,3,20758,84338948,40540,296,-65,,,,,,,,,,,,,,,,,,,,,,,,,
20181126141500,32.021798,118.701507,46000,0,20758,35851,61,49,-69,,,,,,,,,,,,,,,,,,,,,,,,,
20181126141503,32.021783,118.701503,46001,3,20738,84004107,1650,90,-55,,,,,,,,,,,,,,,,,,,,,,,,,
20181126141507,32.021792,118.701502,46011,3,16439,67203607,2452,135,-65,,,,,,,,,,,,,,,,,,,,,,,,,
20181126141509,32.021787,118.701457,46001,0,13351,29635,661,1,-79,,,,,,,,,,,,,,,,,,,,,,,,,
20181126141520,32.021717,118.701433,46001,2,53506,8921,10663,265,-67,,,,,,,,,,,,,,,,,,,,,,,,,
20181126141522,32.021708,118.701433,46001,3,20738,84004107,1650,90,-53,,,,,,,,,,,,,,,,,,,,,,,,,
20181126141523,32.021685,118.701417,46000,0,20758,35851,61,49,-71,,,,,,,,,,,,,,,,,,,,,,,,,
20181126141526,32.021673,118.701405,46011,3,16439,67203607,2452,135,-64,,,,,,,,,,,,,,,,,,,,,,,,,
20181126141532,32.021585,118.701405,46001,0,13351,29635,661,1,-78,,,,,,,,,,,,,,,,,,,,,,,,,
20181126141535,32.021568,118.701402,46000,3,20758,84338948,40540,296,-56,,,,,,,,,,,,,,,,,,,,,,,,,
20181126141541,32.021552,118.701390,46001,3,20738,84004107,1650,90,-50,,,,,,,,,,,,,,,,,,,,,,,,,
20181126141544,32.021515,118.701332,46001,2,53506,8921,10663,265,-73,,,,,,,,,,,,,,,,,,,,,,,,,
20181126141545,32.021493,118.701307,46011,3,16439,67203633,1825,135,-71,,,,,,,,,,,,,,,,,,,,,,,,,
20181126141548,32.021482,118.701283,46000,0,20758,35851,61,49,-67,,,,,,,,,,,,,,,,,,,,,,,,,
20181126141554,32.021433,118.701242,46000,3,20758,84338948,40540,296,-49,,,,,,,,,,,,,,,,,,,,,,,,,
20181126141557,32.021375,118.701233,46001,0,13351,37836,652,27,-85,,,,,,,,,,,,,,,,,,,,,,,,,
20181126141600,32.021343,118.701248,46001,3,20738,84004107,1650,90,-56,,,,,,,,,,,,,,,,,,,,,,,,,
20181126141604,32.021302,118.701212,46011,3,16439,67203609,2452,137,-58,,,,,,,,,,,,,,,,,,,,,,,,,
20181126141608,32.021285,118.701210,46001,2,53506,8923,10663,288,-78,,,,,,,,,,,,,,,,,,,,,,,,,
20181126141612,32.021362,118.701188,46000,0,20758,40031,5,7,-65,,,,,,,,,,,,,,,,,,,,,,,,,
20181126141613,32.021343,118.701187,46000,3,20758,84338948,40540,296,-49,,,,,,,,,,,,,,,,,,,,,,,,,
20181126141618,32.021255,118.701143,46001,3,20738,84004107,1650,90,-53,,,,,,,,,,,,,,,,,,,,,,,,,
20181126141621,32.021213,118.701122,46001,0,13351,29635,661,1,-83,,,,,,,,,,,,,,,,,,,,,,,,,
20181126141624,32.021157,118.701077,46011,3,16439,67203609,2452,137,-60,,,,,,,,,,,,,,,,,,,,,,,,,
20181126141632,32.021092,118.701017,46001,2,53506,8923,10663,288,-78,,,,,,,,,,,,,,,,,,,,,,,,,
20181126141633,32.021087,118.701012,46000,3,20758,84338948,40540,296,-43,,,,,,,,,,,,,,,,,,,,,,,,,
20181126141635,32.021038,118.700992,46000,0,20758,40031,5,7,-70,,,,,,,,,,,,,,,,,,,,,,,,,
20181126141637,32.021025,118.700987,46001,3,20738,84004127,1650,92,-59,,,,,,,,,,,,,,,,,,,,,,,,,
20181126141643,32.020978,118.700948,46011,3,16439,67203609,2452,137,-62,,,,,,,,,,,,,,,,,,,,,,,,,
20181126141644,32.020968,118.700955,46001,0,13351,37836,652,27,-82,,,,,,,,,,,,,,,,,,,,,,,,,
20181126141652,32.020920,118.700952,46000,3,20758,84338950,40540,294,-51,,,,,,,,,,,,,,,,,,,,,,,,,
20181126141656,32.020875,118.700945,46001,2,53506,39162,10663,199,-64,,,,,,,,,,,,,,,,,,,,,,,,,
20181126141656,32.020875,118.700945,46001,3,20738,84004127,1650,92,-56,,,,,,,,,,,,,,,,,,,,,,,,,
20181126141700,32.020833,118.700948,46000,0,20758,40031,5,7,-66,,,,,,,,,,,,,,,,,,,,,,,,,
20181126141702,32.020818,118.700955,46011,3,16439,67203635,1825,137,-56,,,,,,,,,,,,,,,,,,,,,,,,,
20181126141709,32.020642,118.700940,46001,0,13351,37836,652,27,-76,,,,,,,,,,,,,,,,,,,,,,,,,
20181126141715,32.020573,118.700957,46001,3,20738,84004127,1650,92,-53,,,,,,,,,,,,,,,,,,,,,,,,,
20181126141720,32.020428,118.700888,46001,2,53506,39162,10663,199,-66,,,,,,,,,,,,,,,,,,,,,,,,,
20181126141721,32.020428,118.700888,46011,3,16439,67203635,1825,137,-58,,,,,,,,,,,,,,,,,,,,,,,,,
20181126141724,32.020382,118.700877,46000,0,20758,40031,5,7,-63,,,,,,,,,,,,,,,,,,,,,,,,,
20181126141730,32.020317,118.700873,46000,3,20758,84338950,40540,294,-49,,,,,,,,,,,,,,,,,,,,,,,,,
20181126141733,32.020183,118.700865,46001,0,13351,37836,652,27,-72,,,,,,,,,,,,,,,,,,,,,,,,,
20181126141734,32.020183,118.700865,46001,3,20738,93993749,1650,151,-54,,,,,,,,,,,,,,,,,,,,,,,,,
20181126141739,32.020030,118.700835,46011,3,16439,67203635,1825,137,-53,,,,,,,,,,,,,,,,,,,,,,,,,
20181126141744,32.019908,118.700823,46001,2,53506,39162,10663,199,-69,,,,,,,,,,,,,,,,,,,,,,,,,
20181126141747,32.019873,118.700835,46000,0,20758,35853,71,2,-73,,,,,,,,,,,,,,,,,,,,,,,,,
20181126141748,32.019855,118.700830,46000,3,20758,84338950,40540,294,-54,,,,,,,,,,,,,,,,,,,,,,,,,
20181126141754,32.019762,118.700850,46001,3,20738,84004127,1650,92,-53,,,,,,,,,,,,,,,,,,,,,,,,,
20181126141756,32.019742,118.700860,46001,0,13351,37836,652,27,-79,,,,,,,,,,,,,,,,,,,,,,,,,
20181126141758,32.019733,118.700878,46011,3,16439,67203635,1825,137,-59,,,,,,,,,,,,,,,,,,,,,,,,,
20181126141807,32.019615,118.700925,46000,3,20758,84338950,40540,294,-50,,,,,,,,,,,,,,,,,,,,,,,,,
20181126141808,32.019620,118.700937,46001,2,53506,8923,10663,288,-70,,,,,,,,,,,,,,,,,,,,,,,,,
20181126141812,32.019607,118.700960,46000,0,20758,35853,71,2,-65,,,,,,,,,,,,,,,,,,,,,,,,,
20181126141817,32.019527,118.700990,46011,3,16439,67203609,2452,137,-49,,,,,,,,,,,,,,,,,,,,,,,,,
20181126141821,32.019513,118.700995,46001,0,13351,37836,652,27,-81,,,,,,,,,,,,,,,,,,,,,,,,,
20181126141826,32.019513,118.700995,46000,3,20758,84338950,40540,294,-49,,,,,,,,,,,,,,,,,,,,,,,,,
20181126141832,0.000000,0.000000,46001,2,53506,8923,10663,288,-66,,,,,,,,,,,,,,,,,,,,,,,,,
20181126141832,0.000000,0.000000,46001,3,20738,84004127,1650,92,-45,,,,,,,,,,,,,,,,,,,,,,,,,
20181126141836,0.000000,0.000000,46000,0,20758,35853,71,2,-58,,,,,,,,,,,,,,,,,,,,,,,,,
20181126141836,0.000000,0.000000,46011,3,16439,67203609,2452,137,-48,,,,,,,,,,,,,,,,,,,,,,,,,
20181126141845,0.000000,0.000000,46001,0,13351,29635,661,1,-83,,,,,,,,,,,,,,,,,,,,,,,,,
20181126141845,0.000000,0.000000,46000,3,20758,84338950,40540,294,-53,,,,,,,,,,,,,,,,,,,,,,,,,
20181126141851,0.000000,0.000000,46001,3,20738,84004127,1650,92,-50,,,,,,,,,,,,,,,,,,,,,,,,,
20181126141856,0.000000,0.000000,46001,2,53506,8922,10663,279,-64,,,,,,,,,,,,,,,,,,,,,,,,,
20181126141856,0.000000,0.000000,46011,3,16439,67203635,1825,137,-48,,,,,,,,,,,,,,,,,,,,,,,,,
20181126141859,0.000000,0.000000,46000,0,20758,35853,71,2,-62,,,,,,,,,,,,,,,,,,,,,,,,,
20181126141905,0.000000,0.000000,46000,3,20758,84338950,40540,294,-60,,,,,,,,,,,,,,,,,,,,,,,,,
20181126141908,0.000000,0.000000,46001,0,13351,37836,652,27,-87,,,,,,,,,,,,,,,,,,,,,,,,,
20181126141909,0.000000,0.000000,46001,3,20738,84004127,1650,92,-50,,,,,,,,,,,,,,,,,,,,,,,,,
20181126141915,0.000000,0.000000,46011,3,16439,67203609,2452,137,-49,,,,,,,,,,,,,,,,,,,,,,,,,
20181126141920,0.000000,0.000000,46001,2,53506,8923,10663,288,-69,,,,,,,,,,,,,,,,,,,,,,,,,
20181126141924,0.000000,0.000000,46000,0,20758,35853,71,2,-58,,,,,,,,,,,,,,,,,,,,,,,,,
20181126141924,0.000000,0.000000,46000,3,20758,84338950,40540,294,-52,,,,,,,,,,,,,,,,,,,,,,,,,
20181126141928,0.000000,0.000000,46001,3,20738,84004127,1650,92,-49,,,,,,,,,,,,,,,,,,,,,,,,,
20181126141933,32.017018,118.700697,46001,0,13351,37836,652,27,-87,,,,,,,,,,,,,,,,,,,,,,,,,
20181126141934,32.017013,118.700697,46011,3,16439,67203635,1825,137,-55,,,,,,,,,,,,,,,,,,,,,,,,,
20181126141943,32.016932,118.700707,46000,3,20758,84338950,40540,294,-52,,,,,,,,,,,,,,,,,,,,,,,,,
20181126141944,32.016932,118.700707,46001,2,53506,8923,10663,288,-69,,,,,,,,,,,,,,,,,,,,,,,,,
20181126141947,32.016895,118.700710,46001,3,20738,84004127,1650,92,-49,,,,,,,,,,,,,,,,,,,,,,,,,
20181126141948,32.016882,118.700715,46000,0,20758,35853,71,2,-57,,,,,,,,,,,,,,,,,,,,,,,,,
20181126141953,32.016855,118.700720,46011,3,16439,67203635,1825,137,-53,,,,,,,,,,,,,,,,,,,,,,,,,
20181126141957,32.016832,118.700722,46001,0,13351,37836,652,27,-77,,,,,,,,,,,,,,,,,,,,,,,,,
20181126142002,32.016832,118.700722,46000,3,20758,84338950,40540,294,-58,,,,,,,,,,,,,,,,,,,,,,,,,
20181126142006,0.000000,0.000000,46001,3,20738,84004127,1650,92,-54,,,,,,,,,,,,,,,,,,,,,,,,,
20181126142008,0.000000,0.000000,46001,2,53506,8923,10663,288,-60,,,,,,,,,,,,,,,,,,,,,,,,,
20181126142011,0.000000,0.000000,46000,0,20758,35853,71,2,-61,,,,,,,,,,,,,,,,,,,,,,,,,
20181126142020,32.016353,118.700697,46001,0,13351,29635,661,1,-91,,,,,,,,,,,,,,,,,,,,,,,,,
20181126142021,32.016353,118.700697,46000,3,20758,84338950,40540,294,-55,,,,,,,,,,,,,,,,,,,,,,,,,
20181126142026,32.016265,118.700703,46001,3,20738,93993749,1650,151,-51,,,,,,,,,,,,,,,,,,,,,,,,,
20181126142030,32.016222,118.700710,46011,3,16439,67203609,2452,137,-59,,,,,,,,,,,,,,,,,,,,,,,,,
20181126142036,32.016148,118.700687,46000,0,20758,35853,71,2,-71,,,,,,,,,,,,,,,,,,,,,,,,,
20181126142039,32.016103,118.700655,46000,3,20758,84338950,40540,294,-58,,,,,,,,,,,,,,,,,,,,,,,,,
20181126142045,32.016062,118.700617,46001,0,13351,37836,652,27,-80,,,,,,,,,,,,,,,,,,,,,,,,,
20181126142045,32.016062,118.700617,46001,3,20738,84004127,1650,92,-51,,,,,,,,,,,,,,,,,,,,,,,,,
20181126142049,32.016010,118.700578,46011,3,16434,66177329,1825,36,-57,,,,,,,,,,,,,,,,,,,,,,,,,
20181126142058,32.015892,118.700522,46000,3,20758,84338948,40540,296,-60,,,,,,,,,,,,,,,,,,,,,,,,,
20181126142100,32.015875,118.700518,46000,0,20758,35853,71,2,-64,,,,,,,,,,,,,,,,,,,,,,,,,
20181126142104,32.015822,118.700505,46001,3,20738,84004127,1650,92,-59,,,,,,,,,,,,,,,,,,,,,,,,,
20181126142108,32.015750,118.700497,46011,3,16439,67203608,2452,136,-49,,,,,,,,,,,,,,,,,,,,,,,,,
20181126142109,32.015750,118.700497,46001,0,13351,37836,652,27,-91,,,,,,,,,,,,,,,,,,,,,,,,,
20181126142117,32.015610,118.700520,46000,3,20758,84338949,40738,295,-64,,,,,,,,,,,,,,,,,,,,,,,,,
20181126142120,32.015577,118.700527,46001,2,53506,8923,10663,288,-65,,,,,,,,,,,,,,,,,,,,,,,,,
20181126142123,32.015518,118.700542,46001,3,20738,84004127,1650,92,-62,,,,,,,,,,,,,,,,,,,,,,,,,
20181126142123,32.015497,118.700545,46000,0,20758,35853,71,2,-62,,,,,,,,,,,,,,,,,,,,,,,,,
20181126142127,32.015458,118.700525,46011,3,16439,67203608,2452,136,-46,,,,,,,,,,,,,,,,,,,,,,,,,
20181126142132,32.015392,118.700500,46001,0,13351,24553,651,33,-88,,,,,,,,,,,,,,,,,,,,,,,,,
20181126142136,32.015347,118.700477,46000,3,20758,84338950,40540,294,-59,,,,,,,,,,,,,,,,,,,,,,,,,
20181126142142,32.015262,118.700473,46001,3,20738,84004127,1650,92,-58,,,,,,,,,,,,,,,,,,,,,,,,,
20181126142144,32.015237,118.700467,46001,2,53506,8923,10663,288,-65,,,,,,,,,,,,,,,,,,,,,,,,,
20181126142147,32.015187,118.700462,46011,3,16439,67203608,2452,136,-49,,,,,,,,,,,,,,,,,,,,,,,,,
20181126142148,32.015170,118.700463,46000,0,20758,35853,71,2,-59,,,,,,,,,,,,,,,,,,,,,,,,,
20181126142156,32.015010,118.700503,46000,3,20758,84338949,40738,295,-61,,,,,,,,,,,,,,,,,,,,,,,,,
20181126142157,32.014995,118.700505,46001,0,13351,17446,659,2,-87,,,,,,,,,,,,,,,,,,,,,,,,,
20181126142200,32.014932,118.700515,46001,3,20738,93993749,1650,151,-54,,,,,,,,,,,,,,,,,,,,,,,,,
20181126142206,32.014848,118.700552,46011,3,16439,67203635,1825,137,-60,,,,,,,,,,,,,,,,,,,,,,,,,
20181126142209,32.014823,118.700563,46001,2,53506,8923,10663,288,-76,,,,,,,,,,,,,,,,,,,,,,,,,
20181126142212,32.014752,118.700583,46000,0,20758,35853,71,2,-70,,,,,,,,,,,,,,,,,,,,,,,,,
20181126142215,32.014687,118.700590,46000,3,20758,161041564,40540,314,-57,,,,,,,,,,,,,,,,,,,,,,,,,
20181126142219,32.014603,118.700585,46001,3,20738,93993749,1650,151,-47,,,,,,,,,,,,,,,,,,,,,,,,,
20181126142221,32.014577,118.700585,46001,0,13351,37836,652,27,-81,,,,,,,,,,,,,,,,,,,,,,,,,
20181126142225,32.014533,118.700600,46011,3,16439,67203635,1825,137,-62,,,,,,,,,,,,,,,,,,,,,,,,,
20181126142232,32.014435,118.700648,46001,2,53506,8923,10663,288,-78,,,,,,,,,,,,,,,,,,,,,,,,,
20181126142234,32.014398,118.700677,46000,3,20758,161041564,40540,314,-55,,,,,,,,,,,,,,,,,,,,,,,,,
20181126142235,32.014385,118.700683,46000,0,20758,34352,79,43,-70,,,,,,,,,,,,,,,,,,,,,,,,,
20181126142238,32.014345,118.700703,46001,3,20738,93993749,1650,151,-47,,,,,,,,,,,,,,,,,,,,,,,,,
20181126142244,32.014297,118.700673,46011,3,16439,67203635,1825,137,-61,,,,,,,,,,,,,,,,,,,,,,,,,
20181126142244,32.014297,118.700673,46001,0,13351,37836,652,27,-84,,,,,,,,,,,,,,,,,,,,,,,,,
20181126142253,32.014235,118.700587,46000,3,20758,84338950,40540,294,-65,,,,,,,,,,,,,,,,,,,,,,,,,
20181126142256,32.014212,118.700563,46001,2,53506,8923,10663,288,-74,,,,,,,,,,,,,,,,,,,,,,,,,
20181126142258,32.014185,118.700558,46001,3,20738,84004127,1650,92,-55,,,,,,,,,,,,,,,,,,,,,,,,,
20181126142300,32.014157,118.700552,46000,0,20758,35853,71,2,-67,,,,,,,,,,,,,,,,,,,,,,,,,
20181126142303,32.014118,118.700538,46011,3,16439,67203608,2452,136,-51,,,,,,,,,,,,,,,,,,,,,,,,,
20181126142309,32.014035,118.700525,46001,0,13351,37836,652,27,-87,,,,,,,,,,,,,,,,,,,,,,,,,
20181126142312,32.013990,118.700515,46000,3,20758,84338950,40540,294,-62,,,,,,,,,,,,,,,,,,,,,,,,,
20181126142317,32.013922,118.700490,46001,3,20738,84004127,1650,92,-59,,,,,,,,,,,,,,,,,,,,,,,,,
20181126142321,32.013877,118.700487,46001,2,53506,8923,10663,288,-81,,,,,,,,,,,,,,,,,,,,,,,,,
20181126142321,32.013860,118.700487,46011,3,16439,67203608,2452,136,-50,,,,,,,,,,,,,,,,,,,,,,,,,
20181126142324,32.013813,118.700495,46000,0,20758,35853,71,2,-66,,,,,,,,,,,,,,,,,,,,,,,,,
20181126142330,32.013738,118.700483,46000,3,20758,219034118,40540,292,-60,,,,,,,,,,,,,,,,,,,,,,,,,
20181126142333,32.013713,118.700483,46001,0,13351,17446,659,2,-92,,,,,,,,,,,,,,,,,,,,,,,,,
20181126142336,32.013685,118.700478,46001,3,20738,84004127,1650,92,-51,,,,,,,,,,,,,,,,,,,,,,,,,
20181126142340,32.013643,118.700475,46011,3,16439,67203608,2452,136,-59,,,,,,,,,,,,,,,,,,,,,,,,,
20181126142344,32.013602,118.700473,46001,2,53517,12451,10663,323,-79,,,,,,,,,,,,,,,,,,,,,,,,,
20181126142347,32.013545,118.700468,46000,0,20758,35853,71,2,-68,,,,,,,,,,,,,,,,,,,,,,,,,
20181126142349,32.013525,118.700462,46000,3,20758,161041564,40540,314,-60,,,,,,,,,,,,,,,,,,,,,,,,,
20181126142355,32.013445,118.700438,46001,3,20738,93993749,1650,151,-58,,,,,,,,,,,,,,,,,,,,,,,,,
20181126142356,32.013435,118.700437,46001,0,13351,17446,659,2,-90,,,,,,,,,,,,,,,,,,,,,,,,,
20181126142359,32.013390,118.700448,46011,3,16439,67203635,1825,137,-64,,,,,,,,,,,,,,,,,,,,,,,,,
20181126142408,32.013298,118.700460,46001,2,53506,19763,10663,139,-70,,,,,,,,,,,,,,,,,,,,,,,,,
20181126142408,32.013298,118.700460,46000,3,20758,219034118,40540,292,-59,,,,,,,,,,,,,,,,,,,,,,,,,
20181126142412,32.013270,118.700462,46000,0,20758,35853,71,2,-71,,,,,,,,,,,,,,,,,,,,,,,,,
20181126142414,32.013258,118.700463,46001,3,20738,93993749,1650,151,-55,,,,,,,,,,,,,,,,,,,,,,,,,
20181126142419,32.013190,118.700462,46011,3,16439,67203608,2452,136,-65,,,,,,,,,,,,,,,,,,,,,,,,,
20181126142421,32.013172,118.700462,46001,0,13351,37836,652,27,-92,,,,,,,,,,,,,,,,,,,,,,,,,
20181126142428,32.013098,118.700473,46000,3,20758,219034118,40540,292,-59,,,,,,,,,,,,,,,,,,,,,,,,,
20181126142433,32.013047,118.700480,46001,2,53506,19763,10663,139,-69,,,,,,,,,,,,,,,,,,,,,,,,,
20181126142433,32.013047,118.700480,46001,3,20738,84543755,1650,135,-58,,,,,,,,,,,,,,,,,,,,,,,,,
20181126142436,32.012992,118.700518,46000,0,20758,34352,79,43,-70,,,,,,,,,,,,,,,,,,,,,,,,,
20181126142438,32.012973,118.700523,46011,3,16439,66986515,2452,128,-66,,,,,,,,,,,,,,,,,,,,,,,,,
20181126142445,32.012912,118.700532,46001,0,13351,17446,659,2,-93,,,,,,,,,,,,,,,,,,,,,,,,,
20181126142447,32.012892,118.700532,46000,3,20758,230654212,40540,225,-60,,,,,,,,,,,,,,,,,,,,,,,,,
20181126142451,32.012842,118.700540,46001,3,20738,93993759,1650,152,-60,,,,,,,,,,,,,,,,,,,,,,,,,
20181126142456,32.012760,118.700555,46001,2,53506,19763,10663,139,-75,,,,,,,,,,,,,,,,,,,,,,,,,
20181126142457,32.012745,118.700558,46011,3,16434,67321144,1825,34,-64,,,,,,,,,,,,,,,,,,,,,,,,,
20181126142459,32.012687,118.700577,46000,0,20758,34352,79,43,-68,,,,,,,,,,,,,,,,,,,,,,,,,
20181126142506,32.012602,118.700582,46000,3,20758,161041564,40540,314,-55,,,,,,,,,,,,,,,,,,,,,,,,,
20181126142508,32.012567,118.700580,46001,0,13351,17446,659,2,-87,,,,,,,,,,,,,,,,,,,,,,,,,
20181126142510,32.012510,118.700582,46001,3,20738,84543755,1650,135,-50,,,,,,,,,,,,,,,,,,,,,,,,,
20181126142516,32.012435,118.700567,46011,3,16434,66580278,1825,317,-65,,,,,,,,,,,,,,,,,,,,,,,,,
20181126142520,32.012360,118.700558,46001,2,53506,19763,10663,139,-69,,,,,,,,,,,,,,,,,,,,,,,,,
20181126142524,32.012320,118.700567,46000,0,20758,34352,79,43,-71,,,,,,,,,,,,,,,,,,,,,,,,,
20181126142525,32.012320,118.700567,46000,3,20758,219034118,40540,292,-53,,,,,,,,,,,,,,,,,,,,,,,,,
20181126142529,32.012320,118.700567,46001,3,20738,84543755,1650,135,-56,,,,,,,,,,,,,,,,,,,,,,,,,
20181126142533,0.000000,0.000000,46001,0,13351,17446,659,2,-84,,,,,,,,,,,,,,,,,,,,,,,,,
20181126142544,0.000000,0.000000,46000,3,20758,161041564,40540,314,-56,,,,,,,,,,,,,,,,,,,,,,,,,
20181126142545,0.000000,0.000000,46001,2,53506,19763,10663,139,-81,,,,,,,,,,,,,,,,,,,,,,,,,
20181126142548,0.000000,0.000000,46000,0,20758,34352,79,43,-71,,,,,,,,,,,,,,,,,,,,,,,,,
20181126142549,0.000000,0.000000,46001,3,20738,93993749,1650,151,-65,,,,,,,,,,,,,,,,,,,,,,,,,
20181126142554,32.011658,118.700350,46011,3,16439,67203635,1825,137,-68,,,,,,,,,,,,,,,,,,,,,,,,,
20181126142557,32.011602,118.700368,46001,0,13351,37836,652,27,-98,,,,,,,,,,,,,,,,,,,,,,,,,
20181126142603,32.011472,118.700428,46000,3,20758,161041564,40540,314,-56,,,,,,,,,,,,,,,,,,,,,,,,,
20181126142608,32.011402,118.700430,46001,2,53506,36303,10663,186,-82,,,,,,,,,,,,,,,,,,,,,,,,,
20181126142608,32.011402,118.700430,46001,3,20738,93993749,1650,151,-57,,,,,,,,,,,,,,,,,,,,,,,,,
20181126142611,32.011332,118.700447,46000,0,20758,34352,79,43,-71,,,,,,,,,,,,,,,,,,,,,,,,,
20181126142612,32.011307,118.700458,46011,3,16439,67203608,2452,136,-66,,,,,,,,,,,,,,,,,,,,,,,,,
20181126142620,32.011123,118.700483,46001,0,13351,37836,652,27,-99,,,,,,,,,,,,,,,,,,,,,,,,,
20181126142621,32.011112,118.700487,46000,3,20758,161041564,40540,314,-60,,,,,,,,,,,,,,,,,,,,,,,,,
20181126142627,32.010997,118.700497,46001,3,20738,84543755,1650,135,-61,,,,,,,,,,,,,,,,,,,,,,,,,
20181126142631,32.010875,118.700442,46011,3,16435,66191667,1825,290,-64,,,,,,,,,,,,,,,,,,,,,,,,,
20181126142632,32.010875,118.700442,46001,2,53506,19762,10663,138,-79,,,,,,,,,,,,,,,,,,,,,,,,,
20181126142636,32.010855,118.700457,46000,0,20758,34352,79,43,-71,,,,,,,,,,,,,,,,,,,,,,,,,
20181126142640,32.010832,118.700453,46000,3,20758,230654212,40540,225,-50,,,,,,,,,,,,,,,,,,,,,,,,,
20181126142646,32.010757,118.700475,46001,3,20738,93993759,1650,152,-55,,,,,,,,,,,,,,,,,,,,,,,,,
20181126142651,32.010698,118.700475,46011,3,16435,66191667,1825,290,-57,,,,,,,,,,,,,,,,,,,,,,,,,
20181126142657,32.010673,118.700503,46001,2,53506,19762,10663,138,-77,,,,,,,,,,,,,,,,,,,,,,,,,
20181126142700,32.010643,118.700500,46000,0,20758,53722,68,20,-72,,,,,,,,,,,,,,,,,,,,,,,,,
20181126142705,32.010660,118.700517,46001,3,20738,93993759,1650,152,-55,,,,,,,,,,,,,,,,,,,,,,,,,
20181126142709,32.010623,118.700495,46001,0,13351,22867,657,10,-83,,,,,,,,,,,,,,,,,,,,,,,,,
20181126142710,32.010608,118.700488,46011,3,16435,66191667,1825,290,-53,,,,,,,,,,,,,,,,,,,,,,,,,
20181126142719,32.010470,118.700502,46000,3,20758,230654212,40540,225,-51,,,,,,,,,,,,,,,,,,,,,,,,,
20181126142720,32.010460,118.700510,46001,2,53506,36303,10663,186,-75,,,,,,,,,,,,,,,,,,,,,,,,,
20181126142723,32.010432,118.700543,46000,0,20758,53722,68,20,-68,,,,,,,,,,,,,,,,,,,,,,,,,
20181126142724,32.010432,118.700543,46001,3,20738,93993759,1650,152,-57,,,,,,,,,,,,,,,,,,,,,,,,,
20181126142732,32.010365,118.700608,46001,0,13351,17446,659,2,-82,,,,,,,,,,,,,,,,,,,,,,,,,
20181126142738,32.010207,118.700628,46000,3,20758,230994434,40540,418,-50,,,,,,,,,,,,,,,,,,,,,,,,,
20181126142742,32.010082,118.700638,46001,3,20738,93993759,1650,152,-55,,,,,,,,,,,,,,,,,,,,,,,,,
20181126142744,32.010060,118.700653,46001,2,53506,19762,10663,138,-79,,,,,,,,,,,,,,,,,,,,,,,,,
20181126142748,32.009988,118.700650,46000,0,20758,53722,68,20,-72,,,,,,,,,,,,,,,,,,,,,,,,,
20181126142748,32.009988,118.700650,46011,3,16435,66191667,1825,290,-47,,,,,,,,,,,,,,,,,,,,,,,,,
20181126142757,32.009840,118.700645,46001,0,13351,22867,657,10,-90,,,,,,,,,,,,,,,,,,,,,,,,,
20181126142757,32.009840,118.700645,46000,3,20758,230654213,40540,226,-47,,,,,,,,,,,,,,,,,,,,,,,,,
20181126142801,32.009785,118.700662,46001,3,20738,84543775,1650,137,-59,,,,,,,,,,,,,,,,,,,,,,,,,
20181126142809,32.009685,118.700667,46001,2,53506,19762,10663,138,-64,,,,,,,,,,,,,,,,,,,,,,,,,
20181126142816,32.009543,118.700670,46000,3,20758,230994434,40540,418,-56,,,,,,,,,,,,,,,,,,,,,,,,,
20181126142821,32.009500,118.700668,46001,0,13351,22867,657,10,-89,,,,,,,,,,,,,,,,,,,,,,,,,
20181126142821,32.009500,118.700668,46001,3,20738,84543775,1650,137,-59,,,,,,,,,,,,,,,,,,,,,,,,,
20181126142826,32.009477,118.700677,46011,3,16435,66191667,1825,290,-53,,,,,,,,,,,,,,,,,,,,,,,,,
20181126142832,32.009430,118.700707,46001,2,53506,19762,10663,138,-67,,,,,,,,,,,,,,,,,,,,,,,,,
20181126142835,32.009425,118.700740,46000,3,20758,230654214,40738,227,-38,,,,,,,,,,,,,,,,,,,,,,,,,
20181126142835,32.009428,118.700782,46000,0,20758,53722,68,20,-82,,,,,,,,,,,,,,,,,,,,,,,,,
20181126142840,32.009337,118.700812,46001,3,20738,84543775,1650,137,-58,,,,,,,,,,,,,,,,,,,,,,,,,
20181126142844,32.009292,118.700855,46001,0,13351,37836,652,27,-96,,,,,,,,,,,,,,,,,,,,,,,,,
20181126142845,32.009292,118.700855,46011,3,16435,66191667,1825,290,-56,,,,,,,,,,,,,,,,,,,,,,,,,
20181126142854,32.009168,118.700927,46000,3,20758,230654214,40738,227,-38,,,,,,,,,,,,,,,,,,,,,,,,,
20181126142856,32.009157,118.700923,46001,2,53506,19762,10663,138,-71,,,,,,,,,,,,,,,,,,,,,,,,,
20181126142859,32.009135,118.700910,46001,3,20738,84543775,1650,137,-53,,,,,,,,,,,,,,,,,,,,,,,,,
20181126142900,32.009135,118.700910,46000,0,20758,34352,79,43,-82,,,,,,,,,,,,,,,,,,,,,,,,,
20181126142903,32.009092,118.700915,46011,3,16434,67021330,2452,85,-66,,,,,,,,,,,,,,,,,,,,,,,,,
20181126142912,32.009027,118.700907,46000,3,20758,230654214,40738,227,-51,,,,,,,,,,,,,,,,,,,,,,,,,
20181126142918,32.009043,118.700892,46001,3,20738,84543775,1650,137,-60,,,,,,,,,,,,,,,,,,,,,,,,,
20181126142921,32.009012,118.700888,46001,2,53506,19762,10663,138,-67,,,,,,,,,,,,,,,,,,,,,,,,,
20181126142924,32.008947,118.700878,46000,0,20758,31122,66,35,-81,,,,,,,,,,,,,,,,,,,,,,,,,
20181126142931,32.008850,118.700875,46000,3,20758,230654214,40738,227,-64,,,,,,,,,,,,,,,,,,,,,,,,,
20181126142933,32.008830,118.700873,46001,0,13351,17446,659,2,-85,,,,,,,,,,,,,,,,,,,,,,,,,
20181126142942,32.008638,118.700900,46011,3,16434,67021330,2452,85,-64,,,,,,,,,,,,,,,,,,,,,,,,,
20181126142944,32.008603,118.700902,46001,2,53506,19762,10663,138,-77,,,,,,,,,,,,,,,,,,,,,,,,,
20181126142951,32.008573,118.700925,46000,3,20758,230994434,40540,418,-50,,,,,,,,,,,,,,,,,,,,,,,,,
20181126142956,32.008462,118.700942,46001,3,20738,84543775,1650,137,-62,,,,,,,,,,,,,,,,,,,,,,,,,
20181126142956,32.008462,118.700942,46001,0,13351,17446,659,2,-82,,,,,,,,,,,,,,,,,,,,,,,,,
20181126143001,32.008413,118.700947,46011,3,16434,67021330,2452,85,-63,,,,,,,,,,,,,,,,,,,,,,,,,
20181126143008,32.008367,118.700925,46001,2,53506,30641,10663,151,-63,,,,,,,,,,,,,,,,,,,,,,,,,
20181126143010,32.008367,118.700925,46000,3,20758,230994434,40540,418,-59,,,,,,,,,,,,,,,,,,,,,,,,,
20181126143012,32.008348,118.700928,46000,0,20758,31122,66,35,-76,,,,,,,,,,,,,,,,,,,,,,,,,
20181126143015,32.008348,118.700928,46001,3,20738,84514059,1650,147,-60,,,,,,,,,,,,,,,,,,,,,,,,,
20181126143020,32.008348,118.700928,46011,3,16434,67021330,2452,85,-65,,,,,,,,,,,,,,,,,,,,,,,,,
20181126143021,0.000000,0.000000,46001,0,13351,17446,659,2,-86,,,,,,,,,,,,,,,,,,,,,,,,,
20181126143029,0.000000,0.000000,46000,3,20758,230994434,40540,418,-63,,,,,,,,,,,,,,,,,,,,,,,,,
20181126143033,32.007473,118.700778,46001,2,53506,30641,10663,151,-70,,,,,,,,,,,,,,,,,,,,,,,,,
20181126143033,32.007460,118.700783,46001,3,20738,84514059,1650,147,-60,,,,,,,,,,,,,,,,,,,,,,,,,
20181126143036,32.007422,118.700822,46000,0,20758,31122,66,35,-76,,,,,,,,,,,,,,,,,,,,,,,,,
20181126143039,32.007380,118.700837,46011,3,16435,67610129,2452,297,-66,,,,,,,,,,,,,,,,,,,,,,,,,
20181126143045,32.007357,118.700850,46001,0,13351,17446,659,2,-79,,,,,,,,,,,,,,,,,,,,,,,,,
20181126143048,32.007350,118.700853,46000,3,20758,230994434,40540,418,-48,,,,,,,,,,,,,,,,,,,,,,,,,
20181126143053,32.007333,118.700860,46001,3,20749,84310037,1650,199,-58,,,,,,,,,,,,,,,,,,,,,,,,,
20181126143056,32.007330,118.700868,46001,2,53506,30641,10663,151,-70,,,,,,,,,,,,,,,,,,,,,,,,,
20181126143058,32.007325,118.700862,46011,3,16435,67610129,2452,297,-64,,,,,,,,,,,,,,,,,,,,,,,,,
20181126143059,32.007322,118.700855,46000,0,20758,31122,66,35,-83,,,,,,,,,,,,,,,,,,,,,,,,,
20181126143107,32.006945,118.700952,46000,3,20758,230645252,40738,193,-62,,,,,,,,,,,,,,,,,,,,,,,,,
20181126143108,32.006942,118.700950,46001,0,13351,17446,659,2,-85,,,,,,,,,,,,,,,,,,,,,,,,,
20181126143112,32.006973,118.700942,46001,3,20738,84514059,1650,147,-63,,,,,,,,,,,,,,,,,,,,,,,,,
20181126143117,32.006922,118.700947,46011,3,16435,67610131,2452,299,-64,,,,,,,,,,,,,,,,,,,,,,,,,
20181126143120,32.006875,118.700952,46001,2,53506,30641,10663,151,-68,,,,,,,,,,,,,,,,,,,,,,,,,
20181126143124,32.006803,118.700955,46000,0,20758,31122,66,35,-79,,,,,,,,,,,,,,,,,,,,,,,,,
20181126143126,32.006800,118.700957,46000,3,20758,230645252,40738,193,-55,,,,,,,,,,,,,,,,,,,,,,,,,
20181126143131,32.006750,118.700970,46001,3,20738,84514059,1650,147,-59,,,,,,,,,,,,,,,,,,,,,,,,,
20181126143133,32.006737,118.700967,46001,0,13351,17446,659,2,-86,,,,,,,,,,,,,,,,,,,,,,,,,
20181126143136,32.006643,118.700983,46011,3,16435,67610129,2452,297,-62,,,,,,,,,,,,,,,,,,,,,,,,,
20181126143145,32.006492,118.701002,46001,2,53506,30641,10663,151,-72,,,,,,,,,,,,,,,,,,,,,,,,,
20181126143145,32.006492,118.701002,46000,3,20758,230645252,40738,193,-40,,,,,,,,,,,,,,,,,,,,,,,,,
20181126143148,32.006497,118.701010,46000,0,20758,31122,66,35,-81,,,,,,,,,,,,,,,,,,,,,,,,,
20181126143150,32.006457,118.701008,46001,3,20738,84514059,1650,147,-58,,,,,,,,,,,,,,,,,,,,,,,,,
20181126143154,32.006397,118.701023,46011,3,16435,67610129,2452,297,-59,,,,,,,,,,,,,,,,,,,,,,,,,
20181126143157,32.006365,118.701027,46001,0,13351,17446,659,2,-91,,,,,,,,,,,,,,,,,,,,,,,,,
20181126143203,32.006148,118.701020,46000,3,20758,230645252,40738,193,-45,,,,,,,,,,,,,,,,,,,,,,,,,
20181126143208,32.006053,118.701033,46001,2,53506,30641,10663,151,-65,,,,,,,,,,,,,,,,,,,,,,,,,
20181126143209,32.006033,118.701033,46001,3,20738,84514059,1650,147,-57,,,,,,,,,,,,,,,,,,,,,,,,,
20181126143211,32.005992,118.701043,46000,0,20758,33827,629,47,-79,,,,,,,,,,,,,,,,,,,,,,,,,
20181126143214,32.005962,118.701052,46011,3,16435,67610129,2452,297,-58,,,,,,,,,,,,,,,,,,,,,,,,,
20181126143220,32.005853,118.701040,46001,0,13351,17446,659,2,-95,,,,,,,,,,,,,,,,,,,,,,,,,
20181126143223,32.005792,118.701043,46000,3,20758,230645252,40738,193,-37,,,,,,,,,,,,,,,,,,,,,,,,,
20181126143228,32.005682,118.701058,46001,3,20738,84514059,1650,147,-53,,,,,,,,,,,,,,,,,,,,,,,,,
20181126143232,32.005620,118.701080,46001,2,53506,30641,10663,151,-67,,,,,,,,,,,,,,,,,,,,,,,,,
20181126143233,32.005620,118.701080,46011,3,16435,67610129,2452,297,-56,,,,,,,,,,,,,,,,,,,,,,,,,
20181126143236,32.005563,118.701090,46000,0,20758,33821,61,24,-67,,,,,,,,,,,,,,,,,,,,,,,,,
20181126143242,32.005403,118.701107,46000,3,20758,230645252,40738,193,-44,,,,,,,,,,,,,,,,,,,,,,,,,
20181126143245,32.005377,118.701105,46001,0,13351,17446,659,2,-96,,,,,,,,,,,,,,,,,,,,,,,,,
20181126143247,32.005393,118.701115,46001,3,20738,84514059,1650,147,-57,,,,,,,,,,,,,,,,,,,,,,,,,
20181126143252,32.005258,118.701120,46011,3,16435,67610129,2452,297,-59,,,,,,,,,,,,,,,,,,,,,,,,,
20181126143257,32.005232,118.701117,46001,2,53506,30641,10663,151,-64,,,,,,,,,,,,,,,,,,,,,,,,,
20181126143300,32.005232,118.701117,46000,0,20758,33822,67,8,-66,,,,,,,,,,,,,,,,,,,,,,,,,
20181126143301,32.005232,118.701117,46000,3,20758,230645253,40540,194,-50,,,,,,,,,,,,,,,,,,,,,,,,,
20181126143306,0.000000,0.000000,46001,3,20738,84514069,1650,148,-57,,,,,,,,,,,,,,,,,,,,,,,,,
20181126143311,0.000000,0.000000,46011,3,16435,67610130,2452,298,-53,,,,,,,,,,,,,,,,,,,,,,,,,
20181126143320,32.004935,118.701075,46001,2,53506,30642,10663,152,-57,,,,,,,,,,,,,,,,,,,,,,,,,
20181126143320,32.004935,118.701075,46000,3,20758,230645253,40540,194,-43,,,,,,,,,,,,,,,,,,,,,,,,,
20181126143324,32.004825,118.701097,46001,3,20738,84514069,1650,148,-49,,,,,,,,,,,,,,,,,,,,,,,,,
20181126143330,32.004802,118.701087,46011,3,16435,67610130,2452,298,-45,,,,,,,,,,,,,,,,,,,,,,,,,
20181126143339,32.004755,118.701035,46000,3,20758,230645253,40540,194,-37,,,,,,,,,,,,,,,,,,,,,,,,,
20181126143344,32.004697,118.701018,46001,2,53506,30643,10663,153,-60,,,,,,,,,,,,,,,,,,,,,,,,,
20181126143344,32.004697,118.701018,46001,3,20738,84514069,1650,148,-52,,,,,,,,,,,,,,,,,,,,,,,,,
20181126143348,32.004653,118.701023,46000,0,20758,33823,77,46,-62,,,,,,,,,,,,,,,,,,,,,,,,,
20181126143349,32.004642,118.701018,46011,3,16435,67610130,2452,298,-39,,,,,,,,,,,,,,,,,,,,,,,,,
20181126143357,32.004535,118.701002,46001,0,13351,17446,659,2,-86,,,,,,,,,,,,,,,,,,,,,,,,,
20181126143358,32.004517,118.701003,46000,3,20758,230645253,40540,194,-33,,,,,,,,,,,,,,,,,,,,,,,,,
20181126143403,32.004482,118.701012,46001,3,20738,84514069,1650,148,-52,,,,,,,,,,,,,,,,,,,,,,,,,
20181126143408,32.004452,118.701015,46011,3,16435,67610130,2452,298,-33,,,,,,,,,,,,,,,,,,,,,,,,,
20181126143409,32.004445,118.701018,46001,2,53506,30642,10663,152,-58,,,,,,,,,,,,,,,,,,,,,,,,,
20181126143412,32.004410,118.701030,46000,0,20758,33822,67,8,-57,,,,,,,,,,,,,,,,,,,,,,,,,
20181126143417,32.004363,118.701023,46000,3,20758,230645253,40540,194,-33,,,,,,,,,,,,,,,,,,,,,,,,,
20181126143421,32.004318,118.701035,46001,0,13351,17446,659,2,-72,,,,,,,,,,,,,,,,,,,,,,,,,
20181126143422,32.004313,118.701035,46001,3,20738,84514069,1650,148,-51,,,,,,,,,,,,,,,,,,,,,,,,,
20181126143427,32.004250,118.701043,46011,3,16435,67610130,2452,298,-45,,,,,,,,,,,,,,,,,,,,,,,,,
20181126143432,32.004188,118.701030,46001,2,53506,30642,10663,152,-79,,,,,,,,,,,,,,,,,,,,,,,,,
20181126143436,32.004105,118.701040,46000,3,20758,230645253,40540,194,-39,,,,,,,,,,,,,,,,,,,,,,,,,
20181126143436,32.004105,118.701040,46000,0,20758,33823,77,46,-65,,,,,,,,,,,,,,,,,,,,,,,,,
20181126143441,32.004003,118.701058,46001,3,20738,84514069,1650,148,-51,,,,,,,,,,,,,,,,,,,,,,,,,
20181126143445,32.003950,118.701045,46001,0,13351,17446,659,2,-76,,,,,,,,,,,,,,,,,,,,,,,,,
20181126143446,32.003927,118.701033,46011,3,16435,66188340,1825,297,-55,,,,,,,,,,,,,,,,,,,,,,,,,
20181126143455,32.003785,118.701013,46000,3,20758,230645253,40540,194,-39,,,,,,,,,,,,,,,,,,,,,,,,,
20181126143456,32.003772,118.701007,46001,2,53506,30642,10663,152,-57,,,,,,,,,,,,,,,,,,,,,,,,,
20181126143500,32.003698,118.701007,46000,0,20758,33823,77,46,-66,,,,,,,,,,,,,,,,,,,,,,,,,
20181126143500,32.003698,118.701007,46001,3,20738,84514069,1650,148,-46,,,,,,,,,,,,,,,,,,,,,,,,,
20181126143505,32.003608,118.701003,46011,3,16435,66188340,1825,297,-49,,,,,,,,,,,,,,,,,,,,,,,,,
20181126143509,32.003512,118.700993,46001,0,13351,17446,659,2,-78,,,,,,,,,,,,,,,,,,,,,,,,,
20181126143514,32.003440,118.700995,46000,3,20758,230645253,40540,194,-46,,,,,,,,,,,,,,,,,,,,,,,,,
20181126143519,32.003367,118.700988,46001,3,20738,84514069,1650,148,-50,,,,,,,,,,,,,,,,,,,,,,,,,
20181126143521,32.003362,118.700985,46001,2,53506,30642,10663,152,-59,,,,,,,,,,,,,,,,,,,,,,,,,
20181126143524,32.003303,118.700968,46000,0,20758,33822,67,8,-63,,,,,,,,,,,,,,,,,,,,,,,,,
20181126143524,32.003303,118.700968,46011,3,16435,66188340,1825,297,-45,,,,,,,,,,,,,,,,,,,,,,,,,
20181126143533,32.003142,118.700937,46001,0,13351,17446,659,2,-78,,,,,,,,,,,,,,,,,,,,,,,,,
20181126143533,32.003142,118.700937,46000,3,20758,230645253,40540,194,-49,,,,,,,,,,,,,,,,,,,,,,,,,
20181126143538,32.003082,118.700923,46001,3,20738,84514069,1650,148,-50,,,,,,,,,,,,,,,,,,,,,,,,,
20181126143543,32.002993,118.700908,46011,3,16435,66188340,1825,297,-50,,,,,,,,,,,,,,,,,,,,,,,,,
20181126143544,32.002978,118.700908,46001,2,53506,30642,10663,152,-63,,,,,,,,,,,,,,,,,,,,,,,,,
20181126143548,32.002897,118.700945,46000,0,20758,33823,77,46,-63,,,,,,,,,,,,,,,,,,,,,,,,,
20181126143552,32.002820,118.700982,46000,3,20758,230645253,40540,194,-53,,,,,,,,,,,,,,,,,,,,,,,,,
20181126143557,32.002735,118.701030,46001,3,20738,84514069,1650,148,-50,,,,,,,,,,,,,,,,,,,,,,,,,
20181126143557,32.002735,118.701030,46001,0,13351,17446,659,2,-83,,,,,,,,,,,,,,,,,,,,,,,,,
20181126143602,32.002642,118.701088,46011,3,16435,66188340,1825,297,-48,,,,,,,,,,,,,,,,,,,,,,,,,
20181126143608,32.002618,118.701100,46001,2,53506,30642,10663,152,-66,,,,,,,,,,,,,,,,,,,,,,,,,
20181126143611,32.002618,118.701100,46000,3,20758,230645253,40540,194,-55,,,,,,,,,,,,,,,,,,,,,,,,,
20181126143612,32.002605,118.701103,46000,0,20758,33828,620,26,-76,,,,,,,,,,,,,,,,,,,,,,,,,
20181126143616,32.002502,118.701135,46001,3,20738,84514069,1650,148,-51,,,,,,,,,,,,,,,,,,,,,,,,,
20181126143621,32.002365,118.701215,46001,0,13351,17446,659,2,-79,,,,,,,,,,,,,,,,,,,,,,,,,
20181126143621,32.002365,118.701215,46011,3,16435,66188340,1825,297,-56,,,,,,,,,,,,,,,,,,,,,,,,,
20181126143630,32.002210,118.701212,46000,3,20758,230645253,40540,194,-49,,,,,,,,,,,,,,,,,,,,,,,,,
20181126143633,32.002177,118.701223,46001,2,53506,30642,10663,152,-59,,,,,,,,,,,,,,,,,,,,,,,,,
20181126143635,32.002090,118.701228,46001,3,20738,84514069,1650,148,-51,,,,,,,,,,,,,,,,,,,,,,,,,
20181126143636,32.002073,118.701237,46000,0,20758,33822,67,8,-58,,,,,,,,,,,,,,,,,,,,,,,,,
20181126143640,32.002017,118.701250,46011,3,16435,66188340,1825,297,-51,,,,,,,,,,,,,,,,,,,,,,,,,
20181126143645,32.001995,118.701230,46001,0,13351,17446,659,2,-79,,,,,,,,,,,,,,,,,,,,,,,,,
20181126143649,32.001955,118.701233,46000,3,20758,230645253,40540,194,-52,,,,,,,,,,,,,,,,,,,,,,,,,
20181126143654,32.001872,118.701263,46001,3,20738,84514069,1650,148,-57,,,,,,,,,,,,,,,,,,,,,,,,,
20181126143656,32.001855,118.701273,46001,2,53506,30642,10663,152,-65,,,,,,,,,,,,,,,,,,,,,,,,,
20181126143659,32.001823,118.701283,46011,3,16435,66188340,1825,297,-56,,,,,,,,,,,,,,,,,,,,,,,,,
20181126143700,32.001783,118.701292,46000,0,20758,33822,67,8,-60,,,,,,,,,,,,,,,,,,,,,,,,,
20181126143708,32.001710,118.701303,46000,3,20758,230994434,40540,418,-55,,,,,,,,,,,,,,,,,,,,,,,,,
20181126143709,32.001710,118.701303,46001,0,13351,17446,659,2,-83,,,,,,,,,,,,,,,,,,,,,,,,,
20181126143713,32.001668,118.701270,46001,3,20738,84514069,1650,148,-61,,,,,,,,,,,,,,,,,,,,,,,,,
20181126143718,32.001645,118.701257,46011,3,16435,66188340,1825,297,-60,,,,,,,,,,,,,,,,,,,,,,,,,
20181126143720,32.001557,118.701268,46001,2,53506,30642,10663,152,-71,,,,,,,,,,,,,,,,,,,,,,,,,
20181126143724,32.001512,118.701285,46000,0,20758,33822,67,8,-58,,,,,,,,,,,,,,,,,,,,,,,,,
20181126143727,32.001475,118.701292,46000,3,20758,84339479,40540,115,-48,,,,,,,,,,,,,,,,,,,,,,,,,
20181126143732,32.001427,118.701280,46001,3,20738,84514069,1650,148,-55,,,,,,,,,,,,,,,,,,,,,,,,,
20181126143733,32.001427,118.701280,46001,0,13351,17446,659,2,-89,,,,,,,,,,,,,,,,,,,,,,,,,
20181126143737,32.001413,118.701278,46011,3,16435,67616054,1825,18,-66,,,,,,,,,,,,,,,,,,,,,,,,,
20181126143745,32.001423,118.701278,46001,2,53516,28552,10663,242,-76,,,,,,,,,,,,,,,,,,,,,,,,,
20181126143746,32.001423,118.701278,46000,3,20758,84339479,40540,115,-51,,,,,,,,,,,,,,,,,,,,,,,,,
20181126143748,32.001423,118.701278,46000,0,20758,33822,67,8,-66,,,,,,,,,,,,,,,,,,,,,,,,,
20181126143751,32.001228,118.701387,46001,3,20738,84514069,1650,148,-53,,,,,,,,,,,,,,,,,,,,,,,,,
20181126143756,32.001170,118.701423,46011,3,16435,66468402,1825,22,-62,,,,,,,,,,,,,,,,,,,,,,,,,
20181126143757,32.001135,118.701430,46001,0,13351,17446,659,2,-85,,,,,,,,,,,,,,,,,,,,,,,,,
20181126143805,32.001135,118.701430,46000,3,20758,84339479,40540,115,-52,,,,,,,,,,,,,,,,,,,,,,,,,
20181126143808,0.000000,0.000000,46001,2,53506,30642,10663,152,-79,,,,,,,,,,,,,,,,,,,,,,,,,
20181126143810,0.000000,0.000000,46001,3,20738,84514069,1650,148,-58,,,,,,,,,,,,,,,,,,,,,,,,,
20181126143812,0.000000,0.000000,46000,0,20758,33822,67,8,-65,,,,,,,,,,,,,,,,,,,,,,,,,
20181126143815,0.000000,0.000000,46011,3,16435,67616054,1825,18,-60,,,,,,,,,,,,,,,,,,,,,,,,,
20181126143821,0.000000,0.000000,46001,0,13351,17446,659,2,-92,,,,,,,,,,,,,,,,,,,,,,,,,
20181126143824,0.000000,0.000000,46000,3,20758,84339479,40540,115,-51,,,,,,,,,,,,,,,,,,,,,,,,,
20181126143829,0.000000,0.000000,46001,3,20738,84514069,1650,148,-57,,,,,,,,,,,,,,,,,,,,,,,,,
20181126143832,0.000000,0.000000,46001,2,53506,30881,10663,211,-79,,,,,,,,,,,,,,,,,,,,,,,,,
20181126143834,32.000487,118.701495,46011,3,16435,67616054,1825,18,-58,,,,,,,,,,,,,,,,,,,,,,,,,
20181126143836,32.000462,118.701542,46000,0,20758,33822,67,8,-68,,,,,,,,,,,,,,,,,,,,,,,,,
20181126143843,32.000373,118.701517,46000,3,20758,84339479,40540,115,-53,,,,,,,,,,,,,,,,,,,,,,,,,
20181126143845,32.000350,118.701518,46001,0,13351,17446,659,2,-81,,,,,,,,,,,,,,,,,,,,,,,,,
20181126143848,32.000252,118.701503,46001,3,20748,84094475,1650,84,-56,,,,,,,,,,,,,,,,,,,,,,,,,
20181126143853,32.000157,118.701473,46011,3,16435,67616054,1825,18,-59,,,,,,,,,,,,,,,,,,,,,,,,,
20181126143857,32.000060,118.701453,46001,2,53506,30881,10663,211,-67,,,,,,,,,,,,,,,,,,,,,,,,,
20181126143900,32.000003,118.701448,46000,0,20758,33822,67,8,-68,,,,,,,,,,,,,,,,,,,,,,,,,
20181126143902,31.999973,118.701450,46000,3,20758,84339479,40540,115,-53,,,,,,,,,,,,,,,,,,,,,,,,,
20181126143907,31.999903,118.701447,46001,3,20738,93379339,1650,204,-60,,,,,,,,,,,,,,,,,,,,,,,,,
20181126143909,31.999897,118.701450,46001,0,13351,17446,659,2,-82,,,,,,,,,,,,,,,,,,,,,,,,,
20181126143912,31.999837,118.701442,46011,3,16435,66468402,1825,22,-62,,,,,,,,,,,,,,,,,,,,,,,,,
20181126143920,31.999663,118.701432,46001,2,53506,30881,10663,211,-71,,,,,,,,,,,,,,,,,,,,,,,,,
20181126143921,31.999650,118.701428,46000,3,20758,230654213,40540,226,-56,,,,,,,,,,,,,,,,,,,,,,,,,
20181126143924,31.999610,118.701418,46000,0,20758,33822,67,8,-66,,,,,,,,,,,,,,,,,,,,,,,,,
20181126143926,31.999585,118.701417,46001,3,20738,84514069,1650,148,-50,,,,,,,,,,,,,,,,,,,,,,,,,
20181126143931,31.999510,118.701402,46011,3,16435,66188340,1825,297,-58,,,,,,,,,,,,,,,,,,,,,,,,,
20181126143933,31.999485,118.701392,46001,0,13351,17446,659,2,-83,,,,,,,,,,,,,,,,,,,,,,,,,
20181126143940,31.999410,118.701360,46000,3,20758,230645253,40540,194,-56,,,,,,,,,,,,,,,,,,,,,,,,,
20181126143945,31.999320,118.701345,46001,3,20738,93379339,1650,204,-51,,,,,,,,,,,,,,,,,,,,,,,,,
20181126143948,31.999273,118.701332,46000,0,20758,33822,67,8,-66,,,,,,,,,,,,,,,,,,,,,,,,,
20181126143950,31.999243,118.701327,46011,3,16435,66191666,1825,289,-58,,,,,,,,,,,,,,,,,,,,,,,,,
20181126143957,31.999115,118.701302,46001,0,13351,17446,659,2,-90,,,,,,,,,,,,,,,,,,,,,,,,,
20181126143959,31.999083,118.701293,46000,3,20758,230645253,40540,194,-59,,,,,,,,,,,,,,,,,,,,,,,,,
20181126144004,31.999022,118.701275,46001,3,20738,93379339,1650,204,-55,,,,,,,,,,,,,,,,,,,,,,,,,
20181126144009,31.998967,118.701262,46001,2,53506,30881,10663,211,-69,,,,,,,,,,,,,,,,,,,,,,,,,
20181126144009,31.998958,118.701257,46011,3,16435,66188340,1825,297,-63,,,,,,,,,,,,,,,,,,,,,,,,,
20181126144012,31.998937,118.701242,46000,0,20989,13411,75,54,-78,,,,,,,,,,,,,,,,,,,,,,,,,
20181126144018,31.998853,118.701210,46000,3,20989,231137281,40738,90,-60,,,,,,,,,,,,,,,,,,,,,,,,,
20181126144021,31.998818,118.701195,46001,0,13351,37836,652,27,-93,,,,,,,,,,,,,,,,,,,,,,,,,
20181126144023,31.998788,118.701192,46001,3,20738,93379339,1650,204,-50,,,,,,,,,,,,,,,,,,,,,,,,,
20181126144028,31.998718,118.701162,46011,3,16435,66544689,1825,270,-63,,,,,,,,,,,,,,,,,,,,,,,,,
20181126144032,31.998670,118.701145,46001,2,53506,30881,10663,211,-66,,,,,,,,,,,,,,,,,,,,,,,,,
20181126144036,31.998610,118.701123,46000,0,20989,13411,75,54,-70,,,,,,,,,,,,,,,,,,,,,,,,,
20181126144037,31.998595,118.701120,46000,3,20758,230645253,40540,194,-59,,,,,,,,,,,,,,,,,,,,,,,,,
20181126144045,31.998487,118.701085,46001,0,13351,17446,659,2,-88,,,,,,,,,,,,,,,,,,,,,,,,,
20181126144047,31.998465,118.701078,46011,3,16435,66468404,1825,39,-65,,,,,,,,,,,,,,,,,,,,,,,,,
20181126144056,31.998272,118.701082,46001,2,53506,30881,10663,211,-71,,,,,,,,,,,,,,,,,,,,,,,,,
20181126144056,31.998272,118.701082,46000,3,20989,231137281,40738,90,-51,,,,,,,,,,,,,,,,,,,,,,,,,
20181126144100,31.998210,118.701100,46000,0,20989,13411,75,54,-76,,,,,,,,,,,,,,,,,,,,,,,,,
20181126144101,31.998193,118.701105,46001,3,20748,84094475,1650,84,-57,,,,,,,,,,,,,,,,,,,,,,,,,
20181126144106,31.998120,118.701132,46011,3,16435,66544689,1825,270,-61,,,,,,,,,,,,,,,,,,,,,,,,,
20181126144109,31.998090,118.701152,46001,0,13351,37836,652,27,-95,,,,,,,,,,,,,,,,,,,,,,,,,
20181126144115,31.997930,118.701212,46000,3,20989,231137281,40738,90,-45,,,,,,,,,,,,,,,,,,,,,,,,,
20181126144120,31.997870,118.701267,46001,3,20738,93379339,1650,204,-56,,,,,,,,,,,,,,,,,,,,,,,,,
20181126144121,31.997863,118.701270,46001,2,53506,30881,10663,211,-66,,,,,,,,,,,,,,,,,,,,,,,,,
20181126144124,31.997832,118.701287,46000,0,20758,29491,65,19,-81,,,,,,,,,,,,,,,,,,,,,,,,,
20181126144125,31.997832,118.701287,46011,3,16435,66544689,1825,270,-55,,,,,,,,,,,,,,,,,,,,,,,,,
20181126144133,31.997758,118.701345,46001,0,13351,17446,659,2,-95,,,,,,,,,,,,,,,,,,,,,,,,,
20181126144134,31.997758,118.701345,46000,3,20989,231137281,40738,90,-39,,,,,,,,,,,,,,,,,,,,,,,,,
20181126144139,31.997690,118.701408,46001,3,20738,93379339,1650,204,-57,,,,,,,,,,,,,,,,,,,,,,,,,
20181126144144,31.997642,118.701428,46001,2,53506,30881,10663,211,-75,,,,,,,,,,,,,,,,,,,,,,,,,
20181126144144,31.997642,118.701428,46011,3,16435,66544689,1825,270,-53,,,,,,,,,,,,,,,,,,,,,,,,,
20181126144148,31.997612,118.701448,46000,0,20989,13411,75,54,-83,,,,,,,,,,,,,,,,,,,,,,,,,
20181126144153,31.997567,118.701433,46000,3,20989,231137281,40738,90,-28,,,,,,,,,,,,,,,,,,,,,,,,,
20181126144157,31.997560,118.701395,46001,0,13351,17446,659,2,-92,,,,,,,,,,,,,,,,,,,,,,,,,
20181126144158,31.997560,118.701395,46001,3,20738,93379339,1650,204,-54,,,,,,,,,,,,,,,,,,,,,,,,,
20181126144203,31.997588,118.701345,46011,3,16435,66544689,1825,270,-41,,,,,,,,,,,,,,,,,,,,,,,,,
20181126144208,31.997622,118.701290,46001,2,53506,43772,10663,464,-65,,,,,,,,,,,,,,,,,,,,,,,,,
20181126144212,31.997628,118.701283,46000,0,20758,33823,77,46,-85,,,,,,,,,,,,,,,,,,,,,,,,,
20181126144212,31.997628,118.701283,46000,3,20989,231137281,40738,90,-41,,,,,,,,,,,,,,,,,,,,,,,,,
20181126144217,31.997635,118.701240,46001,3,20738,93379339,1650,204,-60,,,,,,,,,,,,,,,,,,,,,,,,,
20181126144221,31.997635,118.701240,46001,0,13351,17446,659,2,-94,,,,,,,,,,,,,,,,,,,,,,,,,
20181126144222,31.997635,118.701240,46011,3,16435,66544689,1825,270,-52,,,,,,,,,,,,,,,,,,,,,,,,,
20181126144231,0.000000,0.000000,46000,3,20989,231137281,40738,90,-48,,,,,,,,,,,,,,,,,,,,,,,,,
20181126144233,31.997765,118.701013,46001,2,53506,30881,10663,211,-71,,,,,,,,,,,,,,,,,,,,,,,,,
20181126144236,31.997745,118.700998,46000,0,20989,13411,75,54,-77,,,,,,,,,,,,,,,,,,,,,,,,,
20181126144236,31.997745,118.700998,46001,3,20748,84094475,1650,84,-60,,,,,,,,,,,,,,,,,,,,,,,,,
20181126144242,31.997683,118.700970,46011,3,16435,66544689,1825,270,-60,,,,,,,,,,,,,,,,,,,,,,,,,
20181126144245,31.997653,118.700972,46001,0,13351,17446,659,2,-91,,,,,,,,,,,,,,,,,,,,,,,,,
20181126144251,31.997653,118.700923,46000,3,20989,231137281,40738,90,-42,,,,,,,,,,,,,,,,,,,,,,,,,
20181126144255,31.997642,118.700902,46001,3,20738,93379359,1650,206,-55,,,,,,,,,,,,,,,,,,,,,,,,,
20181126144256,31.997652,118.700838,46001,2,53506,30883,10663,213,-64,,,,,,,,,,,,,,,,,,,,,,,,,
20181126144300,31.997638,118.700850,46000,0,20989,13411,75,54,-73,,,,,,,,,,,,,,,,,,,,,,,,,
20181126144300,31.997638,118.700850,46011,3,16435,66544691,1825,272,-53,,,,,,,,,,,,,,,,,,,,,,,,,
20181126144309,31.997542,118.700810,46001,0,13351,37836,652,27,-101,,,,,,,,,,,,,,,,,,,,,,,,,
20181126144314,31.997503,118.700788,46000,3,20989,231137281,40738,90,-51,,,,,,,,,,,,,,,,,,,,,,,,,
20181126144319,31.997418,118.700715,46011,3,16435,66544691,1825,272,-61,,,,,,,,,,,,,,,,,,,,,,,,,
20181126144320,31.997418,118.700715,46001,2,53506,30883,10663,213,-67,,,,,,,,,,,,,,,,,,,,,,,,,
20181126144324,31.997347,118.700650,46000,0,20989,13411,75,54,-73,,,,,,,,,,,,,,,,,,,,,,,,,
20181126144328,31.997230,118.700550,46000,3,20989,231137281,40738,90,-51,,,,,,,,,,,,,,,,,,,,,,,,,
20181126144333,31.997143,118.700488,46001,0,13351,17446,659,2,-88,,,,,,,,,,,,,,,,,,,,,,,,,
20181126144338,31.997023,118.700427,46001,3,20738,93379359,1650,206,-40,,,,,,,,,,,,,,,,,,,,,,,,,
20181126144347,31.996858,118.700343,46000,3,20989,231137281,40738,90,-53,,,,,,,,,,,,,,,,,,,,,,,,,
20181126144348,31.996842,118.700335,46000,0,20989,13411,75,54,-71,,,,,,,,,,,,,,,,,,,,,,,,,
20181126144352,31.996780,118.700300,46001,3,20738,93379359,1650,206,-55,,,,,,,,,,,,,,,,,,,,,,,,,
20181126144357,31.996725,118.700248,46001,0,13351,22867,657,10,-90,,,,,,,,,,,,,,,,,,,,,,,,,
20181126144408,31.996592,118.700175,46001,2,53506,30883,10663,213,-70,,,,,,,,,,,,,,,,,,,,,,,,,
20181126144412,31.996548,118.700142,46001,3,20738,93379359,1650,206,-44,,,,,,,,,,,,,,,,,,,,,,,,,
20181126144412,31.996548,118.700142,46000,0,20989,13411,75,54,-70,,,,,,,,,,,,,,,,,,,,,,,,,
20181126144421,31.996455,118.700062,46001,0,13351,17446,659,2,-90,,,,,,,,,,,,,,,,,,,,,,,,,
20181126144425,31.996413,118.700027,46000,3,20989,231137281,40738,90,-54,,,,,,,,,,,,,,,,,,,,,,,,,
20181126144430,31.996373,118.699977,46001,3,20738,93379359,1650,206,-39,,,,,,,,,,,,,,,,,,,,,,,,,
20181126144432,31.996355,118.699952,46001,2,53506,30883,10663,213,-63,,,,,,,,,,,,,,,,,,,,,,,,,
20181126144435,31.996322,118.699912,46011,3,16435,66544691,1825,272,-45,,,,,,,,,,,,,,,,,,,,,,,,,
20181126144444,31.996230,118.699805,46000,3,20989,231137283,40540,92,-52,,,,,,,,,,,,,,,,,,,,,,,,,
20181126144445,31.996222,118.699793,46001,0,13351,22867,657,10,-92,,,,,,,,,,,,,,,,,,,,,,,,,
20181126144449,31.996197,118.699762,46001,3,20738,93379359,1650,206,-48,,,,,,,,,,,,,,,,,,,,,,,,,
20181126144454,31.996158,118.699725,46011,3,16435,66544691,1825,272,-52,,,,,,,,,,,,,,,,,,,,,,,,,
20181126144457,31.996158,118.699725,46001,2,53506,30883,10663,213,-56,,,,,,,,,,,,,,,,,,,,,,,,,
20181126144503,0.000000,0.000000,46000,3,20989,231137283,40540,92,-59,,,,,,,,,,,,,,,,,,,,,,,,,
20181126144508,31.996178,118.699600,46001,3,20738,93379359,1650,206,-46,,,,,,,,,,,,,,,,,,,,,,,,,
20181126144513,31.996135,118.699565,46011,3,16435,66544691,1825,272,-50,,,,,,,,,,,,,,,,,,,,,,,,,
20181126144520,31.996030,118.699490,46001,2,53506,30883,10663,213,-54,,,,,,,,,,,,,,,,,,,,,,,,,
20181126144522,31.996012,118.699475,46000,3,20989,231137283,40540,92,-55,,,,,,,,,,,,,,,,,,,,,,,,,
20181126144524,31.995988,118.699457,46000,0,20989,13411,75,54,-62,,,,,,,,,,,,,,,,,,,,,,,,,
20181126144527,31.995942,118.699422,46001,3,20738,93379359,1650,206,-49,,,,,,,,,,,,,,,,,,,,,,,,,
20181126144533,31.995898,118.699383,46011,3,16437,66544653,100,302,-41,,,,,,,,,,,,,,,,,,,,,,,,,
20181126144542,31.995868,118.699373,46000,3,20989,230635268,40540,71,-52,,,,,,,,,,,,,,,,,,,,,,,,,
20181126144544,31.995867,118.699373,46001,2,53506,30883,10663,213,-64,,,,,,,,,,,,,,,,,,,,,,,,,
20181126144546,31.995865,118.699373,46001,3,20748,84095499,1650,93,-51,,,,,,,,,,,,,,,,,,,,,,,,,
20181126144548,31.995862,118.699375,46000,0,20989,13411,75,54,-63,,,,,,,,,,,,,,,,,,,,,,,,,
20181126144552,31.995858,118.699377,46011,3,16435,67610133,2452,271,-60,,,,,,,,,,,,,,,,,,,,,,,,,
20181126144605,31.995928,118.699417,46001,3,20738,93379359,1650,206,-51,,,,,,,,,,,,,,,,,,,,,,,,,
20181126144609,31.995962,118.699450,46001,2,53506,30889,10688,213,-67,,,,,,,,,,,,,,,,,,,,,,,,,
20181126144610,31.995962,118.699457,46011,3,16437,66544653,100,302,-49,,,,,,,,,,,,,,,,,,,,,,,,,
20181126144612,31.995963,118.699460,46000,0,20989,13411,75,54,-69,,,,,,,,,,,,,,,,,,,,,,,,,
20181126144619,31.995947,118.699505,46000,3,20989,230635268,40540,71,-53,,,,,,,,,,,,,,,,,,,,,,,,,
20181126144621,31.995945,118.699507,46001,0,13351,22867,657,10,-105,,,,,,,,,,,,,,,,,,,,,,,,,
20181126144624,31.995943,118.699515,46001,3,20738,93379359,1650,206,-54,,,,,,,,,,,,,,,,,,,,,,,,,
20181126144629,31.995988,118.699567,46011,3,16435,66544691,1825,272,-57,,,,,,,,,,,,,,,,,,,,,,,,,
20181126144632,31.996005,118.699595,46001,2,53506,30883,10663,213,-66,,,,,,,,,,,,,,,,,,,,,,,,,
20181126144636,31.996035,118.699627,46000,0,20989,13411,75,54,-55,,,,,,,,,,,,,,,,,,,,,,,,,
20181126144638,31.996037,118.699642,46000,3,20989,231137283,40540,92,-56,,,,,,,,,,,,,,,,,,,,,,,,,
20181126144644,31.996048,118.699668,46001,3,20738,93379359,1650,206,-51,,,,,,,,,,,,,,,,,,,,,,,,,
20181126144648,31.996083,118.699702,46011,3,16435,66544691,1825,272,-58,,,,,,,,,,,,,,,,,,,,,,,,,
20181126144656,31.996137,118.699765,46001,2,53506,30883,10663,213,-54,,,,,,,,,,,,,,,,,,,,,,,,,
20181126144657,31.996145,118.699775,46000,3,20989,231137283,40540,92,-59,,,,,,,,,,,,,,,,,,,,,,,,,
20181126144700,31.996173,118.699810,46000,0,20989,13411,75,54,-57,,,,,,,,,,,,,,,,,,,,,,,,,
20181126144703,31.996217,118.699840,46001,3,20738,93379359,1650,206,-52,,,,,,,,,,,,,,,,,,,,,,,,,
20181126144707,31.996258,118.699887,46011,3,16437,66544653,100,302,-46,,,,,,,,,,,,,,,,,,,,,,,,,
20181126144709,31.996253,118.699895,46001,0,13351,22867,657,10,-106,,,,,,,,,,,,,,,,,,,,,,,,,
20181126144716,31.996302,118.699928,46000,3,20989,231137283,40540,92,-56,,,,,,,,,,,,,,,,,,,,,,,,,
20181126144721,31.996285,118.699930,46001,2,53506,30883,10663,213,-59,,,,,,,,,,,,,,,,,,,,,,,,,
20181126144722,31.996285,118.699933,46001,3,20738,93379359,1650,206,-49,,,,,,,,,,,,,,,,,,,,,,,,,
20181126144724,31.996283,118.699942,46000,0,20989,13411,75,54,-68,,,,,,,,,,,,,,,,,,,,,,,,,
20181126144726,31.996285,118.699943,46011,3,16437,66544653,100,302,-48,,,,,,,,,,,,,,,,,,,,,,,,,
20181126144733,31.996293,118.699962,46001,0,13346,35816,647,43,-98,,,,,,,,,,,,,,,,,,,,,,,,,
20181126144735,31.996293,118.699962,46000,3,20989,231137283,40540,92,-52,,,,,,,,,,,,,,,,,,,,,,,,,
20181126144740,0.000000,0.000000,46001,3,20738,93379359,1650,206,-50,,,,,,,,,,,,,,,,,,,,,,,,,
20181126144744,0.000000,0.000000,46001,2,53506,30883,10663,213,-51,,,,,,,,,,,,,,,,,,,,,,,,,
20181126144745,0.000000,0.000000,46011,3,16437,66544653,100,302,-41,,,,,,,,,,,,,,,,,,,,,,,,,
20181126144748,0.000000,0.000000,46000,0,20989,13411,75,54,-66,,,,,,,,,,,,,,,,,,,,,,,,,
20181126144759,31.997040,118.700498,46001,3,20738,93379359,1650,206,-55,,,,,,,,,,,,,,,,,,,,,,,,,
20181126144805,31.997083,118.700533,46011,3,16435,67610133,2452,271,-55,,,,,,,,,,,,,,,,,,,,,,,,,
20181126144808,31.997118,118.700552,46001,2,53506,30883,10663,213,-62,,,,,,,,,,,,,,,,,,,,,,,,,
20181126144812,31.997157,118.700575,46000,0,20989,13411,75,54,-72,,,,,,,,,,,,,,,,,,,,,,,,,
20181126144818,31.997175,118.700603,46001,3,20738,93379359,1650,206,-50,,,,,,,,,,,,,,,,,,,,,,,,,
20181126144824,31.997223,118.700627,46011,3,16435,67610133,2452,271,-41,,,,,,,,,,,,,,,,,,,,,,,,,
20181126144833,31.997255,118.700643,46001,2,53506,30883,10663,213,-63,,,,,,,,,,,,,,,,,,,,,,,,,
20181126144833,31.997255,118.700643,46000,3,20989,231137281,40738,90,-53,,,,,,,,,,,,,,,,,,,,,,,,,
20181126144836,31.997283,118.700665,46000,0,20989,13411,75,54,-70,,,,,,,,,,,,,,,,,,,,,,,,,
20181126144837,31.997293,118.700670,46001,3,20738,93379359,1650,206,-61,,,,,,,,,,,,,,,,,,,,,,,,,
20181126144843,31.997353,118.700667,46011,3,16435,66544689,1825,270,-60,,,,,,,,,,,,,,,,,,,,,,,,,
20181126144845,31.997373,118.700672,46001,0,13346,35816,647,43,-92,,,,,,,,,,,,,,,,,,,,,,,,,
20181126144852,31.997432,118.700723,46000,3,20989,231137281,40738,90,-56,,,,,,,,,,,,,,,,,,,,,,,,,
20181126144856,31.997438,118.700765,46001,3,20738,93424661,1650,160,-63,,,,,,,,,,,,,,,,,,,,,,,,,
20181126144857,31.997428,118.700768,46001,2,53516,28552,10663,242,-82,,,,,,,,,,,,,,,,,,,,,,,,,
20181126144900,31.997415,118.700775,46000,0,20758,33823,77,46,-77,,,,,,,,,,,,,,,,,,,,,,,,,
20181126144901,31.997410,118.700782,46011,3,16435,67610133,2452,271,-60,,,,,,,,,,,,,,,,,,,,,,,,,
20181126144909,31.997335,118.700963,46001,0,13351,17446,659,2,-93,,,,,,,,,,,,,,,,,,,,,,,,,
20181126144910,31.997325,118.700985,46000,3,20989,231137281,40738,90,-36,,,,,,,,,,,,,,,,,,,,,,,,,
20181126144915,31.997318,118.701098,46001,3,20738,93379339,1650,204,-48,,,,,,,,,,,,,,,,,,,,,,,,,
20181126144920,31.997445,118.701122,46001,2,53506,30881,10663,211,-71,,,,,,,,,,,,,,,,,,,,,,,,,
20181126144920,31.997445,118.701122,46011,3,16435,66544689,1825,270,-37,,,,,,,,,,,,,,,,,,,,,,,,,
20181126144924,31.997508,118.701058,46000,0,20989,13411,75,54,-81,,,,,,,,,,,,,,,,,,,,,,,,,
20181126144929,31.997563,118.701018,46000,3,20989,231137281,40738,90,-29,,,,,,,,,,,,,,,,,,,,,,,,,
20181126144933,31.997628,118.700987,46001,0,13351,17446,659,2,-96,,,,,,,,,,,,,,,,,,,,,,,,,
20181126144935,31.997680,118.700972,46001,3,20738,93379339,1650,204,-50,,,,,,,,,,,,,,,,,,,,,,,,,
20181126144939,31.997772,118.700965,46011,3,16435,66544689,1825,270,-54,,,,,,,,,,,,,,,,,,,,,,,,,
20181126144945,31.997837,118.700952,46001,2,53506,30881,10663,211,-55,,,,,,,,,,,,,,,,,,,,,,,,,
20181126144948,31.997917,118.700948,46000,0,20989,13411,75,54,-67,,,,,,,,,,,,,,,,,,,,,,,,,
20181126144948,31.997917,118.700948,46000,3,20989,231137281,40738,90,-52,,,,,,,,,,,,,,,,,,,,,,,,,
20181126144954,31.997975,118.701032,46001,3,20738,93379339,1650,204,-47,,,,,,,,,,,,,,,,,,,,,,,,,
20181126144957,31.998025,118.701042,46001,0,13351,23627,659,6,-82,,,,,,,,,,,,,,,,,,,,,,,,,
20181126144958,31.998052,118.701058,46011,3,16435,67610132,2452,270,-60,,,,,,,,,,,,,,,,,,,,,,,,,
20181126145007,31.998193,118.701127,46000,3,20989,231137281,40738,90,-42,,,,,,,,,,,,,,,,,,,,,,,,,
20181126145009,31.998193,118.701127,46001,2,53506,30881,10663,211,-56,,,,,,,,,,,,,,,,,,,,,,,,,
20181126145012,31.998277,118.701152,46000,0,20989,13411,75,54,-66,,,,,,,,,,,,,,,,,,,,,,,,,
20181126145013,31.998277,118.701152,46001,3,20738,93379339,1650,204,-39,,,,,,,,,,,,,,,,,,,,,,,,,
20181126145017,31.998295,118.701160,46011,3,16435,66544689,1825,270,-53,,,,,,,,,,,,,,,,,,,,,,,,,
20181126145021,31.998333,118.701160,46001,0,13346,35816,647,43,-93,,,,,,,,,,,,,,,,,,,,,,,,,
20181126145026,31.998417,118.701158,46000,3,20989,231137281,40738,90,-54,,,,,,,,,,,,,,,,,,,,,,,,,
20181126145031,31.998482,118.701187,46001,3,20738,93379339,1650,204,-44,,,,,,,,,,,,,,,,,,,,,,,,,
20181126145032,31.998482,118.701187,46001,2,53506,30881,10663,211,-56,,,,,,,,,,,,,,,,,,,,,,,,,
20181126145036,31.998497,118.701190,46000,0,20989,13411,75,54,-68,,,,,,,,,,,,,,,,,,,,,,,,,
20181126145037,31.998497,118.701190,46011,3,16435,67610133,2452,271,-55,,,,,,,,,,,,,,,,,,,,,,,,,
20181126145045,31.998535,118.701057,46001,0,13346,35816,647,43,-95,,,,,,,,,,,,,,,,,,,,,,,,,
20181126145046,31.998535,118.701057,46000,3,20989,231137281,40738,90,-54,,,,,,,,,,,,,,,,,,,,,,,,,
20181126145050,31.998603,118.701052,46001,3,20738,93379339,1650,204,-45,,,,,,,,,,,,,,,,,,,,,,,,,
20181126145056,31.998603,118.701052,46011,3,16437,66111796,1825,159,-65,,,,,,,,,,,,,,,,,,,,,,,,,
20181126145057,31.998603,118.701052,46001,2,53506,30881,10663,211,-57,,,,,,,,,,,,,,,,,,,,,,,,,
20181126145100,0.000000,0.000000,46000,0,20989,13411,75,54,-67,,,,,,,,,,,,,,,,,,,,,,,,,
20181126145109,31.999078,118.701618,46001,0,13351,17446,659,2,-97,,,,,,,,,,,,,,,,,,,,,,,,,
20181126145109,31.999078,118.701618,46001,3,20738,93379339,1650,204,-49,,,,,,,,,,,,,,,,,,,,,,,,,
20181126145115,31.999343,118.701462,46011,3,16435,66544689,1825,270,-65,,,,,,,,,,,,,,,,,,,,,,,,,
20181126145121,31.999370,118.701497,46001,2,53506,30881,10663,211,-62,,,,,,,,,,,,,,,,,,,,,,,,,
20181126145124,31.999383,118.701515,46000,3,20989,231137281,40738,90,-57,,,,,,,,,,,,,,,,,,,,,,,,,
20181126145124,31.999383,118.701515,46000,0,20989,13411,75,54,-71,,,,,,,,,,,,,,,,,,,,,,,,,
20181126145128,31.998762,118.701067,46001,3,20738,93379339,1650,204,-52,,,,,,,,,,,,,,,,,,,,,,,,,
20181126145133,31.998570,118.700980,46001,0,13351,17446,659,2,-95,,,,,,,,,,,,,,,,,,,,,,,,,
20181126145134,31.998565,118.700993,46011,3,16435,66544689,1825,270,-62,,,,,,,,,,,,,,,,,,,,,,,,,
20181126145143,31.998518,118.700923,46000,3,20989,231137281,40738,90,-57,,,,,,,,,,,,,,,,,,,,,,,,,
20181126145147,31.998852,118.701052,46001,3,20738,93379339,1650,204,-46,,,,,,,,,,,,,,,,,,,,,,,,,
20181126145148,31.998918,118.701077,46000,0,20989,13411,75,54,-73,,,,,,,,,,,,,,,,,,,,,,,,,
20181126145152,31.999218,118.701223,46011,3,16435,66544689,1825,270,-64,,,,,,,,,,,,,,,,,,,,,,,,,
20181126145157,31.999868,118.701562,46001,0,13346,35816,647,43,-89,,,,,,,,,,,,,,,,,,,,,,,,,
20181126145201,31.999967,118.701547,46000,3,20758,84339479,40540,115,-52,,,,,,,,,,,,,,,,,,,,,,,,,
20181126145207,32.000080,118.701517,46001,3,20738,93379339,1650,204,-52,,,,,,,,,,,,,,,,,,,,,,,,,
20181126145209,32.000112,118.701508,46001,2,53506,30881,10663,211,-65,,,,,,,,,,,,,,,,,,,,,,,,,
20181126145211,32.000175,118.701507,46011,3,16435,66544689,1825,270,-62,,,,,,,,,,,,,,,,,,,,,,,,,
20181126145212,32.000207,118.701505,46000,0,20989,13411,75,54,-71,,,,,,,,,,,,,,,,,,,,,,,,,
20181126145220,32.000332,118.701523,46000,3,20758,84339479,40540,115,-52,,,,,,,,,,,,,,,,,,,,,,,,,
20181126145221,32.000342,118.701528,46001,0,13346,35816,647,43,-96,,,,,,,,,,,,,,,,,,,,,,,,,
20181126145226,32.000412,118.701528,46001,3,20738,93379339,1650,204,-46,,,,,,,,,,,,,,,,,,,,,,,,,
20181126145230,32.000475,118.701530,46011,3,16437,66111796,1825,159,-64,,,,,,,,,,,,,,,,,,,,,,,,,
20181126145233,32.000525,118.701525,46001,2,53516,28552,10663,242,-68,,,,,,,,,,,,,,,,,,,,,,,,,
20181126145236,32.000578,118.701522,46000,0,20989,13411,75,54,-75,,,,,,,,,,,,,,,,,,,,,,,,,
20181126145239,32.000622,118.701518,46000,3,20758,84339479,40540,115,-53,,,,,,,,,,,,,,,,,,,,,,,,,
20181126145245,32.000692,118.701520,46001,3,20748,84094475,1650,84,-60,,,,,,,,,,,,,,,,,,,,,,,,,
20181126145245,32.000692,118.701520,46001,0,13346,35816,647,43,-96,,,,,,,,,,,,,,,,,,,,,,,,,
20181126145249,32.000733,118.701517,46011,3,16435,66807604,1825,111,-63,,,,,,,,,,,,,,,,,,,,,,,,,
20181126145256,32.000837,118.701507,46001,2,53506,30881,10663,211,-66,,,,,,,,,,,,,,,,,,,,,,,,,
20181126145258,32.000865,118.701505,46000,3,20758,84339479,40540,115,-50,,,,,,,,,,,,,,,,,,,,,,,,,
20181126145300,32.000895,118.701500,46000,0,20989,13411,75,54,-74,,,,,,,,,,,,,,,,,,,,,,,,,
20181126145304,32.000940,118.701493,46001,3,20738,93379339,1650,204,-51,,,,,,,,,,,,,,,,,,,,,,,,,
20181126145308,32.001013,118.701497,46011,3,16435,66807604,1825,111,-61,,,,,,,,,,,,,,,,,,,,,,,,,
20181126145317,32.001127,118.701478,46000,3,20758,84339479,40540,115,-48,,,,,,,,,,,,,,,,,,,,,,,,,
20181126145321,32.001153,118.701475,46001,2,53506,30881,10663,211,-62,,,,,,,,,,,,,,,,,,,,,,,,,
20181126145322,32.001153,118.701475,46001,3,20738,93379339,1650,204,-50,,,,,,,,,,,,,,,,,,,,,,,,,
20181126145324,32.001182,118.701468,46000,0,20758,33822,67,8,-79,,,,,,,,,,,,,,,,,,,,,,,,,
20181126145328,32.001182,118.701468,46011,3,16435,66807604,1825,111,-64,,,,,,,,,,,,,,,,,,,,,,,,,
20181126145333,32.001263,118.701445,46001,0,13351,17446,659,2,-92,,,,,,,,,,,,,,,,,,,,,,,,,
20181126145337,32.001263,118.701445,46000,3,20758,84339479,40540,115,-58,,,,,,,,,,,,,,,,,,,,,,,,,
20181126145345,32.001425,118.701682,46001,2,53506,30881,10663,211,-75,,,,,,,,,,,,,,,,,,,,,,,,,
20181126145347,32.001453,118.701683,46011,3,16435,67610132,2452,270,-59,,,,,,,,,,,,,,,,,,,,,,,,,
20181126145348,32.001458,118.701683,46000,0,20758,33822,67,8,-76,,,,,,,,,,,,,,,,,,,,,,,,,
20181126145356,32.001540,118.701637,46000,3,20989,231137281,40738,90,-60,,,,,,,,,,,,,,,,,,,,,,,,,
20181126145357,32.001558,118.701627,46001,0,13351,17446,659,2,-94,,,,,,,,,,,,,,,,,,,,,,,,,
20181126145400,32.001642,118.701545,46001,3,20738,93379339,1650,204,-53,,,,,,,,,,,,,,,,,,,,,,,,,
20181126145408,32.001835,118.701375,46001,2,53506,30881,10663,211,-63,,,,,,,,,,,,,,,,,,,,,,,,,
20181126145412,32.001887,118.701350,46000,0,20758,33823,77,46,-80,,,,,,,,,,,,,,,,,,,,,,,,,
20181126145415,32.001938,118.701340,46000,3,20989,231137281,40738,90,-60,,,,,,,,,,,,,,,,,,,,,,,,,
20181126145419,32.001967,118.701335,46001,3,20738,93379339,1650,204,-49,,,,,,,,,,,,,,,,,,,,,,,,,
20181126145421,32.002012,118.701330,46001,0,13351,17446,659,2,-94,,,,,,,,,,,,,,,,,,,,,,,,,
20181126145425,32.002095,118.701305,46011,3,16435,66544689,1825,270,-63,,,,,,,,,,,,,,,,,,,,,,,,,
20181126145433,32.002250,118.701262,46001,2,53506,30881,10663,211,-67,,,,,,,,,,,,,,,,,,,,,,,,,
20181126145434,32.002265,118.701253,46000,3,20989,231137281,40738,90,-60,,,,,,,,,,,,,,,,,,,,,,,,,
20181126145436,32.002282,118.701247,46000,0,20989,13411,75,54,-75,,,,,,,,,,,,,,,,,,,,,,,,,
20181126145439,32.002315,118.701248,46001,3,20738,93379339,1650,204,-52,,,,,,,,,,,,,,,,,,,,,,,,,
20181126145443,32.002342,118.701245,46011,3,16435,66188340,1825,297,-58,,,,,,,,,,,,,,,,,,,,,,,,,
20181126145445,32.002342,118.701245,46001,0,13351,17446,659,2,-90,,,,,,,,,,,,,,,,,,,,,,,,,
20181126145452,32.002852,118.700825,46000,3,20758,84339479,40540,115,-58,,,,,,,,,,,,,,,,,,,,,,,,,
20181126145457,32.002867,118.700890,46001,2,53506,30642,10663,152,-71,,,,,,,,,,,,,,,,,,,,,,,,,
20181126145458,32.002875,118.700888,46001,3,20738,93379339,1650,204,-55,,,,,,,,,,,,,,,,,,,,,,,,,
20181126145500,32.002905,118.700882,46000,0,20758,33822,67,8,-74,,,,,,,,,,,,,,,,,,,,,,,,,
20181126145502,32.002932,118.700872,46011,3,16435,66188340,1825,297,-57,,,,,,,,,,,,,,,,,,,,,,,,,
20181126145509,32.002948,118.700833,46001,0,13351,17446,659,2,-91,,,,,,,,,,,,,,,,,,,,,,,,,
20181126145511,32.002965,118.700835,46000,3,20758,84339479,40540,115,-55,,,,,,,,,,,,,,,,,,,,,,,,,
20181126145517,32.002992,118.700867,46001,3,20738,93379339,1650,204,-55,,,,,,,,,,,,,,,,,,,,,,,,,
20181126145520,32.002992,118.700907,46001,2,53506,30642,10663,152,-66,,,,,,,,,,,,,,,,,,,,,,,,,
20181126145521,32.002995,118.700912,46011,3,16435,66188340,1825,297,-58,,,,,,,,,,,,,,,,,,,,,,,,,
20181126145530,32.003065,118.700925,46000,3,20758,230645253,40540,194,-54,,,,,,,,,,,,,,,,,,,,,,,,,
20181126145534,32.003082,118.700928,46001,0,13351,17446,659,2,-90,,,,,,,,,,,,,,,,,,,,,,,,,
20181126145536,32.003082,118.700928,46001,3,20738,93379339,1650,204,-59,,,,,,,,,,,,,,,,,,,,,,,,,
20181126145540,32.003090,118.700930,46011,3,16435,66188340,1825,297,-57,,,,,,,,,,,,,,,,,,,,,,,,,
20181126145545,32.003090,118.700930,46001,2,53506,30642,10663,152,-67,,,,,,,,,,,,,,,,,,,,,,,,,
20181126145548,32.003330,118.700593,46000,0,20758,33822,67,8,-74,,,,,,,,,,,,,,,,,,,,,,,,,
20181126145549,32.003330,118.700593,46000,3,20758,84339479,40540,115,-52,,,,,,,,,,,,,,,,,,,,,,,,,
20181126145555,32.003433,118.700720,46001,3,20738,93379339,1650,204,-54,,,,,,,,,,,,,,,,,,,,,,,,,
